episode_id,step,commanded_vx,pitch,roll,omega_x,omega_y,sin_phase,cos_phase,fall_detected
0,0,0.2,0.0004,-0.0,0.0,0.2184,0.0157,0.9999,False
0,100,0.2,0.0239,0.0201,-0.0674,0.0773,0.9999,-0.0157,False
0,200,0.2,0.0415,-0.034,0.6471,-0.0219,-0.0157,-0.9999,False
0,300,0.2,0.0262,-0.0649,-0.0595,-0.0869,-0.9999,0.0157,False
0,400,0.2,0.0185,0.0012,-0.7021,-0.0357,0.0157,0.9999,False
0,500,0.2,0.0178,0.0532,-0.0276,-0.0131,0.9999,-0.0157,False
0,600,0.2,0.0284,-0.0114,0.8046,-0.0551,-0.0157,-0.9999,False
0,700,0.2,0.0147,-0.0568,0.0113,-0.0713,-0.9999,0.0157,False
0,800,0.2,0.0112,-0.0096,-0.6093,-0.0052,0.0157,0.9999,False
0,900,0.2,0.0155,0.0443,-0.0606,0.0144,0.9999,-0.0157,False
0,1000,0.2,0.0308,-0.016,0.7529,-0.0222,-0.0157,-0.9999,False
0,1100,0.2,0.0165,-0.0583,-0.0036,-0.0775,-0.9999,0.0157,False
0,1200,0.2,0.0121,-0.0085,-0.622,-0.0098,0.0157,0.9999,False
0,1300,0.2,0.016,0.045,-0.0576,0.0142,0.9999,-0.0157,False
0,1400,0.2,0.031,-0.0162,0.7595,-0.0242,-0.0157,-0.9999,False
0,1500,0.2,0.0167,-0.0587,-0.0028,-0.0778,-0.9999,0.0157,False
0,1600,0.2,0.0122,-0.009,-0.6198,-0.0094,0.0157,0.9999,False
0,1700,0.2,0.0162,0.0448,-0.0588,0.0137,0.9999,-0.0157,False
0,1800,0.2,0.0311,-0.0163,0.7588,-0.0246,-0.0157,-0.9999,False
0,1900,0.2,0.0168,-0.0586,-0.003,-0.0781,-0.9999,0.0157,False
0,2000,0.2,0.0122,-0.009,-0.6205,-0.0096,0.0157,0.9999,False
0,2100,0.2,0.0162,0.0449,-0.0586,0.0138,0.9999,-0.0157,False
0,2200,0.2,0.0311,-0.0162,0.7586,-0.0245,-0.0157,-0.9999,False
0,2300,0.2,0.0168,-0.0586,-0.0029,-0.078,-0.9999,0.0157,False
0,2400,0.2,0.0122,-0.0089,-0.6205,-0.0096,0.0157,0.9999,False
0,2500,0.2,0.0162,0.0449,-0.0586,0.0138,0.9999,-0.0157,False
0,2600,0.2,0.0311,-0.0162,0.7586,-0.0245,-0.0157,-0.9999,False
0,2700,0.2,0.0168,-0.0586,-0.0029,-0.078,-0.9999,0.0157,False
0,2800,0.2,0.0122,-0.0089,-0.6205,-0.0096,0.0157,0.9999,False
0,2900,0.2,0.0162,0.0449,-0.0586,0.0138,0.9999,-0.0157,False
0,3000,0.2,0.0311,-0.0162,0.7586,-0.0245,-0.0157,-0.9999,False
0,3100,0.2,0.0168,-0.0586,-0.0029,-0.078,-0.9999,0.0157,False
0,3200,0.2,0.0122,-0.0089,-0.6205,-0.0096,0.0157,0.9999,False
0,3300,0.2,0.0162,0.0449,-0.0586,0.0138,0.9999,-0.0157,False
0,3400,0.2,0.0311,-0.0162,0.7585,-0.0245,-0.0157,-0.9999,False
0,3500,0.2,0.0168,-0.0586,-0.0029,-0.0781,-0.9999,0.0157,False
0,3600,0.2,0.0122,-0.0089,-0.6206,-0.0096,0.0157,0.9999,False
0,3700,0.2,0.0162,0.0449,-0.0586,0.0138,0.9999,-0.0157,False
0,3800,0.2,0.0311,-0.0162,0.7585,-0.0245,-0.0157,-0.9999,False
0,3900,0.2,0.0168,-0.0586,-0.0029,-0.0781,-0.9999,0.0157,False
0,4000,0.2,0.0122,-0.0089,-0.6206,-0.0096,0.0157,0.9999,False
0,4100,0.2,0.0162,0.0449,-0.0586,0.0138,0.9999,-0.0157,False
0,4200,0.2,0.0311,-0.0162,0.7591,-0.0246,-0.0157,-0.9999,False
0,4300,0.2,0.0168,-0.0587,-0.0029,-0.078,-0.9999,0.0157,False
0,4400,0.2,0.0122,-0.009,-0.6204,-0.0096,0.0157,0.9999,False
0,4500,0.2,0.0162,0.0448,-0.0587,0.0138,0.9999,-0.0157,False
0,4600,0.2,0.0311,-0.0162,0.7359,-0.0071,-0.0157,-0.9999,False
0,4700,0.2,0.0207,-0.06,0.0364,-0.0978,-0.9999,0.0157,False
0,4800,0.2,0.0074,-0.0129,-0.5311,-0.0576,0.0157,0.9999,False
0,4900,0.2,0.015,0.0342,0.0215,-0.0195,0.9999,-0.0157,False
0,4999,0.2,0.0135,-0.0407,0.6154,-0.064,0.0,-1.0,False
1,0,0.2,0.0004,-0.0,0.0,0.2184,0.0157,0.9999,False
1,100,0.2,0.024,0.024,-0.1025,0.054,0.9999,-0.0157,False
1,200,0.2,0.0384,-0.0073,0.5976,-0.0467,-0.0157,-0.9999,False
1,300,0.2,0.0203,-0.0498,0.0075,-0.0877,-0.9999,0.0157,False
1,400,0.2,0.0128,0.0036,-0.6743,-0.0263,0.0157,0.9999,False
1,500,0.2,0.015,0.0506,-0.025,0.0098,0.9999,-0.0157,False
1,600,0.2,0.0297,-0.0131,0.7783,-0.0277,-0.0157,-0.9999,False
1,700,0.2,0.0159,-0.0579,0.0057,-0.0718,-0.9999,0.0157,False
1,800,0.2,0.0123,-0.0096,-0.6152,-0.0067,0.0157,0.9999,False
1,900,0.2,0.0159,0.0449,-0.0616,0.0098,0.9999,-0.0157,False
1,1000,0.2,0.0306,-0.0154,0.7538,-0.0236,-0.0157,-0.9999,False
1,1100,0.2,0.0168,-0.0579,-0.0011,-0.0733,-0.9999,0.0157,False
1,1200,0.2,0.0126,-0.0088,-0.6179,-0.0101,0.0157,0.9999,False
1,1300,0.2,0.0163,0.0449,-0.0579,0.013,0.9999,-0.0157,False
1,1400,0.2,0.0312,-0.0163,0.7384,-0.0174,-0.0157,-0.9999,False
1,1500,0.2,0.0172,-0.0582,-0.004,-0.0765,-0.9999,0.0157,False
1,1600,0.2,0.0127,-0.0084,-0.6229,-0.0109,0.0157,0.9999,False
1,1700,0.2,0.0163,0.0452,-0.0573,0.012,0.9999,-0.0157,False
1,1800,0.2,0.031,-0.016,0.7593,-0.0247,-0.0157,-0.9999,False
1,1900,0.2,0.0167,-0.0586,-0.0025,-0.0776,-0.9999,0.0157,False
1,2000,0.2,0.0122,-0.009,-0.62,-0.0095,0.0157,0.9999,False
1,2100,0.2,0.0162,0.0448,-0.0587,0.0137,0.9999,-0.0157,False
1,2200,0.2,0.0311,-0.0162,0.7586,-0.0245,-0.0157,-0.9999,False
1,2300,0.2,0.0168,-0.0586,-0.003,-0.0781,-0.9999,0.0157,False
1,2400,0.2,0.0122,-0.0089,-0.6205,-0.0096,0.0157,0.9999,False
1,2500,0.2,0.0162,0.0449,-0.0586,0.0138,0.9999,-0.0157,False
1,2600,0.2,0.0311,-0.0162,0.7587,-0.0245,-0.0157,-0.9999,False
1,2700,0.2,0.0168,-0.0586,-0.0029,-0.078,-0.9999,0.0157,False
1,2800,0.2,0.0122,-0.0089,-0.6205,-0.0096,0.0157,0.9999,False
1,2900,0.2,0.0162,0.0449,-0.0586,0.0138,0.9999,-0.0157,False
1,3000,0.2,0.0311,-0.0162,0.7586,-0.0245,-0.0157,-0.9999,False
1,3100,0.2,0.0168,-0.0586,-0.0029,-0.078,-0.9999,0.0157,False
1,3200,0.2,0.0122,-0.0089,-0.6206,-0.0096,0.0157,0.9999,False
1,3300,0.2,0.0162,0.0449,-0.0586,0.0138,0.9999,-0.0157,False
1,3400,0.2,0.0311,-0.0162,0.7585,-0.0245,-0.0157,-0.9999,False
1,3500,0.2,0.0168,-0.0586,-0.0029,-0.078,-0.9999,0.0157,False
1,3600,0.2,0.0122,-0.0089,-0.6206,-0.0096,0.0157,0.9999,False
1,3700,0.2,0.0162,0.0449,-0.0586,0.0138,0.9999,-0.0157,False
1,3800,0.2,0.0311,-0.0162,0.7585,-0.0245,-0.0157,-0.9999,False
1,3900,0.2,0.0168,-0.0586,-0.0029,-0.0781,-0.9999,0.0157,False
1,4000,0.2,0.0122,-0.0089,-0.6206,-0.0096,0.0157,0.9999,False
1,4100,0.2,0.0162,0.0449,-0.0586,0.0138,0.9999,-0.0157,False
1,4200,0.2,0.0311,-0.0162,0.7584,-0.0245,-0.0157,-0.9999,False
1,4300,0.2,0.0168,-0.0586,-0.0029,-0.0781,-0.9999,0.0157,False
1,4400,0.2,0.0122,-0.0089,-0.6207,-0.0097,0.0157,0.9999,False
1,4500,0.2,0.0162,0.0449,-0.0586,0.0138,0.9999,-0.0157,False
1,4600,0.2,0.0311,-0.0162,0.759,-0.0246,-0.0157,-0.9999,False
1,4700,0.2,0.0202,-0.06,0.0327,-0.0926,-0.9999,0.0157,False
1,4800,0.2,0.0083,-0.013,-0.5215,-0.0499,0.0157,0.9999,False
1,4900,0.2,0.0163,0.0341,0.0163,-0.0178,0.9999,-0.0157,False
1,4999,0.2,0.0151,-0.0407,0.6064,-0.0601,0.0,-1.0,False
2,0,0.2,0.0004,-0.0,0.0,0.2184,0.0157,0.9999,False
2,100,0.2,0.024,0.0239,-0.1018,0.0551,0.9999,-0.0157,False
2,200,0.2,0.0384,-0.0077,0.6009,-0.0488,-0.0157,-0.9999,False
2,300,0.2,0.0204,-0.0501,0.0075,-0.0881,-0.9999,0.0157,False
2,400,0.2,0.0129,0.0032,-0.6722,-0.0269,0.0157,0.9999,False
2,500,0.2,0.015,0.0502,-0.0261,0.01,0.9999,-0.0157,False
2,600,0.2,0.0297,-0.0135,0.7793,-0.0283,-0.0157,-0.9999,False
2,700,0.2,0.016,-0.0582,0.0053,-0.072,-0.9999,0.0157,False
2,800,0.2,0.0123,-0.0097,-0.6156,-0.0069,0.0157,0.9999,False
2,900,0.2,0.0159,0.0449,-0.0617,0.0101,0.9999,-0.0157,False
2,1000,0.2,0.0307,-0.0154,0.7535,-0.0237,-0.0157,-0.9999,False
2,1100,0.2,0.0168,-0.0579,-0.0011,-0.0733,-0.9999,0.0157,False
2,1200,0.2,0.0126,-0.0088,-0.618,-0.0101,0.0157,0.9999,False
2,1300,0.2,0.0163,0.0449,-0.0579,0.013,0.9999,-0.0157,False
2,1400,0.2,0.0312,-0.0163,0.7384,-0.0174,-0.0157,-0.9999,False
2,1500,0.2,0.0172,-0.0582,-0.004,-0.0765,-0.9999,0.0157,False
2,1600,0.2,0.0127,-0.0084,-0.6229,-0.0109,0.0157,0.9999,False
2,1700,0.2,0.0163,0.0452,-0.0573,0.012,0.9999,-0.0157,False
2,1800,0.2,0.031,-0.016,0.7592,-0.0247,-0.0157,-0.9999,False
2,1900,0.2,0.0167,-0.0586,-0.0025,-0.0776,-0.9999,0.0157,False
2,2000,0.2,0.0122,-0.009,-0.6199,-0.0095,0.0157,0.9999,False
2,2100,0.2,0.0162,0.0448,-0.0587,0.0137,0.9999,-0.0157,False
2,2200,0.2,0.0311,-0.0162,0.7586,-0.0245,-0.0157,-0.9999,False
2,2300,0.2,0.0168,-0.0586,-0.003,-0.0781,-0.9999,0.0157,False
2,2400,0.2,0.0122,-0.0089,-0.6205,-0.0096,0.0157,0.9999,False
2,2500,0.2,0.0162,0.0449,-0.0586,0.0138,0.9999,-0.0157,False
2,2600,0.2,0.0311,-0.0162,0.7587,-0.0245,-0.0157,-0.9999,False
2,2700,0.2,0.0168,-0.0586,-0.0029,-0.078,-0.9999,0.0157,False
2,2800,0.2,0.0122,-0.0089,-0.6205,-0.0096,0.0157,0.9999,False
2,2900,0.2,0.0162,0.0449,-0.0586,0.0138,0.9999,-0.0157,False
2,3000,0.2,0.0311,-0.0162,0.7586,-0.0245,-0.0157,-0.9999,False
2,3100,0.2,0.0168,-0.0586,-0.0029,-0.078,-0.9999,0.0157,False
2,3200,0.2,0.0122,-0.0089,-0.6206,-0.0096,0.0157,0.9999,False
2,3300,0.2,0.0162,0.0449,-0.0586,0.0138,0.9999,-0.0157,False
2,3400,0.2,0.0311,-0.0162,0.7585,-0.0245,-0.0157,-0.9999,False
2,3500,0.2,0.0168,-0.0586,-0.0029,-0.078,-0.9999,0.0157,False
2,3600,0.2,0.0122,-0.0089,-0.6206,-0.0096,0.0157,0.9999,False
2,3700,0.2,0.0162,0.0449,-0.0586,0.0138,0.9999,-0.0157,False
2,3800,0.2,0.0311,-0.0162,0.7585,-0.0245,-0.0157,-0.9999,False
2,3900,0.2,0.0168,-0.0586,-0.0029,-0.0781,-0.9999,0.0157,False
2,4000,0.2,0.0122,-0.0089,-0.6206,-0.0096,0.0157,0.9999,False
2,4100,0.2,0.0162,0.0449,-0.0586,0.0138,0.9999,-0.0157,False
2,4200,0.2,0.0311,-0.0162,0.7584,-0.0245,-0.0157,-0.9999,False
2,4300,0.2,0.0168,-0.0586,-0.0029,-0.0781,-0.9999,0.0157,False
2,4400,0.2,0.0122,-0.0089,-0.6207,-0.0096,0.0157,0.9999,False
2,4500,0.2,0.0162,0.0449,-0.0586,0.0138,0.9999,-0.0157,False
2,4600,0.2,0.0311,-0.0162,0.759,-0.0246,-0.0157,-0.9999,False
2,4700,0.2,0.0201,-0.0599,0.0321,-0.0925,-0.9999,0.0157,False
2,4800,0.2,0.0084,-0.013,-0.521,-0.0492,0.0157,0.9999,False
2,4900,0.2,0.0164,0.0341,0.0156,-0.0177,0.9999,-0.0157,False
2,4999,0.2,0.0153,-0.0405,0.6054,-0.0593,0.0,-1.0,False
3,0,0.2,0.0004,-0.0,0.0,0.2184,0.0157,0.9999,False
3,100,0.2,0.024,0.0239,-0.1018,0.0551,0.9999,-0.0157,False
3,200,0.2,0.0384,-0.0078,0.6012,-0.0489,-0.0157,-0.9999,False
3,300,0.2,0.0203,-0.0501,0.0074,-0.0881,-0.9999,0.0157,False
3,400,0.2,0.0128,0.0032,-0.6722,-0.0269,0.0157,0.9999,False
3,500,0.2,0.015,0.0502,-0.0261,0.0101,0.9999,-0.0157,False
3,600,0.2,0.0297,-0.0135,0.7793,-0.0284,-0.0157,-0.9999,False
3,700,0.2,0.016,-0.0582,0.0053,-0.072,-0.9999,0.0157,False
3,800,0.2,0.0123,-0.0097,-0.6156,-0.0069,0.0157,0.9999,False
3,900,0.2,0.0159,0.0448,-0.0617,0.0101,0.9999,-0.0157,False
3,1000,0.2,0.0307,-0.0154,0.7535,-0.0237,-0.0157,-0.9999,False
3,1100,0.2,0.0168,-0.0579,-0.0011,-0.0733,-0.9999,0.0157,False
3,1200,0.2,0.0126,-0.0088,-0.618,-0.0101,0.0157,0.9999,False
3,1300,0.2,0.0163,0.0449,-0.0579,0.013,0.9999,-0.0157,False
3,1400,0.2,0.0312,-0.0163,0.7384,-0.0174,-0.0157,-0.9999,False
3,1500,0.2,0.0172,-0.0582,-0.004,-0.0765,-0.9999,0.0157,False
3,1600,0.2,0.0127,-0.0084,-0.6229,-0.0109,0.0157,0.9999,False
3,1700,0.2,0.0163,0.0452,-0.0573,0.012,0.9999,-0.0157,False
3,1800,0.2,0.031,-0.016,0.7592,-0.0247,-0.0157,-0.9999,False
3,1900,0.2,0.0167,-0.0586,-0.0025,-0.0776,-0.9999,0.0157,False
3,2000,0.2,0.0122,-0.009,-0.6199,-0.0095,0.0157,0.9999,False
3,2100,0.2,0.0162,0.0448,-0.0587,0.0137,0.9999,-0.0157,False
3,2200,0.2,0.0311,-0.0162,0.7586,-0.0245,-0.0157,-0.9999,False
3,2300,0.2,0.0168,-0.0586,-0.003,-0.0781,-0.9999,0.0157,False
3,2400,0.2,0.0122,-0.0089,-0.6205,-0.0096,0.0157,0.9999,False
3,2500,0.2,0.0162,0.0449,-0.0586,0.0138,0.9999,-0.0157,False
3,2600,0.2,0.0311,-0.0162,0.7587,-0.0245,-0.0157,-0.9999,False
3,2700,0.2,0.0168,-0.0586,-0.0029,-0.078,-0.9999,0.0157,False
3,2800,0.2,0.0122,-0.0089,-0.6205,-0.0096,0.0157,0.9999,False
3,2900,0.2,0.0162,0.0449,-0.0586,0.0138,0.9999,-0.0157,False
3,3000,0.2,0.0311,-0.0162,0.7586,-0.0245,-0.0157,-0.9999,False
3,3100,0.2,0.0168,-0.0586,-0.0029,-0.078,-0.9999,0.0157,False
3,3200,0.2,0.0122,-0.0089,-0.6206,-0.0096,0.0157,0.9999,False
3,3300,0.2,0.0162,0.0449,-0.0586,0.0138,0.9999,-0.0157,False
3,3400,0.2,0.0311,-0.0162,0.7585,-0.0245,-0.0157,-0.9999,False
3,3500,0.2,0.0168,-0.0586,-0.0029,-0.078,-0.9999,0.0157,False
3,3600,0.2,0.0122,-0.0089,-0.6206,-0.0096,0.0157,0.9999,False
3,3700,0.2,0.0162,0.0449,-0.0586,0.0138,0.9999,-0.0157,False
3,3800,0.2,0.0311,-0.0162,0.7585,-0.0245,-0.0157,-0.9999,False
3,3900,0.2,0.0168,-0.0586,-0.0029,-0.0781,-0.9999,0.0157,False
3,4000,0.2,0.0122,-0.0089,-0.6206,-0.0096,0.0157,0.9999,False
3,4100,0.2,0.0162,0.0449,-0.0586,0.0138,0.9999,-0.0157,False
3,4200,0.2,0.0311,-0.0162,0.7584,-0.0245,-0.0157,-0.9999,False
3,4300,0.2,0.0168,-0.0586,-0.0029,-0.0781,-0.9999,0.0157,False
3,4400,0.2,0.0122,-0.0089,-0.6207,-0.0096,0.0157,0.9999,False
3,4500,0.2,0.0162,0.0449,-0.0586,0.0138,0.9999,-0.0157,False
3,4600,0.2,0.0311,-0.0162,0.759,-0.0246,-0.0157,-0.9999,False
3,4700,0.2,0.0201,-0.0599,0.0321,-0.0925,-0.9999,0.0157,False
3,4800,0.2,0.0084,-0.013,-0.521,-0.0491,0.0157,0.9999,False
3,4900,0.2,0.0164,0.0341,0.0156,-0.0177,0.9999,-0.0157,False
3,4999,0.2,0.0154,-0.0404,0.6049,-0.0605,0.0,-1.0,False
4,0,0.2,0.0004,-0.0,0.0,0.2184,0.0157,0.9999,False
4,100,0.2,0.024,0.0239,-0.1013,0.0551,0.9999,-0.0157,False
4,200,0.2,0.0384,-0.0078,0.6012,-0.0487,-0.0157,-0.9999,False
4,300,0.2,0.0204,-0.0501,0.0073,-0.0881,-0.9999,0.0157,False
4,400,0.2,0.0129,0.0032,-0.6725,-0.027,0.0157,0.9999,False
4,500,0.2,0.015,0.0502,-0.026,0.0101,0.9999,-0.0157,False
4,600,0.2,0.0297,-0.0134,0.7793,-0.0283,-0.0157,-0.9999,False
4,700,0.2,0.016,-0.0582,0.0053,-0.072,-0.9999,0.0157,False
4,800,0.2,0.0123,-0.0097,-0.6156,-0.0069,0.0157,0.9999,False
4,900,0.2,0.0159,0.0449,-0.0617,0.0101,0.9999,-0.0157,False
4,1000,0.2,0.0307,-0.0154,0.7535,-0.0237,-0.0157,-0.9999,False
4,1100,0.2,0.0168,-0.0579,-0.0011,-0.0733,-0.9999,0.0157,False
4,1200,0.2,0.0126,-0.0088,-0.618,-0.0101,0.0157,0.9999,False
4,1300,0.2,0.0163,0.0449,-0.0579,0.013,0.9999,-0.0157,False
4,1400,0.2,0.0312,-0.0163,0.7384,-0.0174,-0.0157,-0.9999,False
4,1500,0.2,0.0172,-0.0582,-0.004,-0.0765,-0.9999,0.0157,False
4,1600,0.2,0.0127,-0.0084,-0.6229,-0.0109,0.0157,0.9999,False
4,1700,0.2,0.0163,0.0452,-0.0573,0.012,0.9999,-0.0157,False
4,1800,0.2,0.031,-0.016,0.7592,-0.0247,-0.0157,-0.9999,False
4,1900,0.2,0.0167,-0.0586,-0.0025,-0.0776,-0.9999,0.0157,False
4,2000,0.2,0.0122,-0.009,-0.6199,-0.0095,0.0157,0.9999,False
4,2100,0.2,0.0162,0.0448,-0.0587,0.0137,0.9999,-0.0157,False
4,2200,0.2,0.0311,-0.0162,0.7586,-0.0245,-0.0157,-0.9999,False
4,2300,0.2,0.0168,-0.0586,-0.003,-0.0781,-0.9999,0.0157,False
4,2400,0.2,0.0122,-0.0089,-0.6205,-0.0096,0.0157,0.9999,False
4,2500,0.2,0.0162,0.0449,-0.0586,0.0138,0.9999,-0.0157,False
4,2600,0.2,0.0311,-0.0162,0.7587,-0.0245,-0.0157,-0.9999,False
4,2700,0.2,0.0168,-0.0586,-0.0029,-0.078,-0.9999,0.0157,False
4,2800,0.2,0.0122,-0.0089,-0.6205,-0.0096,0.0157,0.9999,False
4,2900,0.2,0.0162,0.0449,-0.0586,0.0138,0.9999,-0.0157,False
4,3000,0.2,0.0311,-0.0162,0.7586,-0.0245,-0.0157,-0.9999,False
4,3100,0.2,0.0168,-0.0586,-0.0029,-0.078,-0.9999,0.0157,False
4,3200,0.2,0.0122,-0.0089,-0.6206,-0.0096,0.0157,0.9999,False
4,3300,0.2,0.0162,0.0449,-0.0586,0.0138,0.9999,-0.0157,False
4,3400,0.2,0.0311,-0.0162,0.7585,-0.0245,-0.0157,-0.9999,False
4,3500,0.2,0.0168,-0.0586,-0.0029,-0.078,-0.9999,0.0157,False
4,3600,0.2,0.0122,-0.0089,-0.6206,-0.0096,0.0157,0.9999,False
4,3700,0.2,0.0162,0.0449,-0.0586,0.0138,0.9999,-0.0157,False
4,3800,0.2,0.0311,-0.0162,0.7585,-0.0245,-0.0157,-0.9999,False
4,3900,0.2,0.0168,-0.0586,-0.0029,-0.0781,-0.9999,0.0157,False
4,4000,0.2,0.0122,-0.0089,-0.6206,-0.0096,0.0157,0.9999,False
4,4100,0.2,0.0162,0.0449,-0.0586,0.0138,0.9999,-0.0157,False
4,4200,0.2,0.0311,-0.0162,0.7584,-0.0245,-0.0157,-0.9999,False
4,4300,0.2,0.0168,-0.0586,-0.0029,-0.0781,-0.9999,0.0157,False
4,4400,0.2,0.0122,-0.0089,-0.6207,-0.0097,0.0157,0.9999,False
4,4500,0.2,0.0162,0.0449,-0.0586,0.0138,0.9999,-0.0157,False
4,4600,0.2,0.0311,-0.0162,0.759,-0.0246,-0.0157,-0.9999,False
4,4700,0.2,0.0201,-0.0599,0.0321,-0.0925,-0.9999,0.0157,False
4,4800,0.2,0.0084,-0.013,-0.521,-0.0492,0.0157,0.9999,False
4,4900,0.2,0.0164,0.0341,0.0156,-0.0178,0.9999,-0.0157,False
4,4999,0.2,0.0153,-0.0405,0.6054,-0.0594,0.0,-1.0,False
5,0,0.4,0.0004,-0.0,0.0,0.2184,0.0157,0.9999,False
5,100,0.4,0.0106,0.0265,-0.0734,0.0082,0.9999,-0.0157,False
5,200,0.4,0.0231,-0.0004,0.5292,-0.0134,-0.0157,-0.9999,False
5,300,0.4,0.0036,-0.0499,0.0215,-0.0809,-0.9999,0.0157,False
5,400,0.4,0.0002,-0.0091,-0.586,0.0078,0.0157,0.9999,False
5,500,0.4,-0.0022,0.0555,-0.0646,-0.0506,0.9999,-0.0157,False
5,600,0.4,0.0136,-0.002,0.7517,0.0394,-0.0157,-0.9999,False
5,700,0.4,0.0007,-0.0582,0.0027,-0.0861,-0.9999,0.0157,False
5,800,0.4,-0.001,-0.0189,-0.4805,0.0386,0.0157,0.9999,False
5,900,0.4,-0.0022,0.0469,-0.0915,-0.0366,0.9999,-0.0157,False
5,1000,0.4,0.0163,-0.0094,0.8061,0.0183,-0.0157,-0.9999,False
5,1100,0.4,0.0032,-0.061,-0.0091,-0.0918,-0.9999,0.0157,False
5,1200,0.4,0.0011,-0.0188,-0.5012,0.0325,0.0157,0.9999,False
5,1300,0.4,-0.0011,0.0477,-0.0858,-0.0434,0.9999,-0.0157,False
5,1400,0.4,0.0159,-0.0102,0.8144,0.011,-0.0157,-0.9999,False
5,1500,0.4,0.0026,-0.0611,-0.0113,-0.0891,-0.9999,0.0157,False
5,1600,0.4,0.001,-0.0184,-0.5072,0.0335,0.0157,0.9999,False
5,1700,0.4,-0.0012,0.0486,-0.0858,-0.0452,0.9999,-0.0157,False
5,1800,0.4,0.0155,-0.0092,0.8054,0.0155,-0.0157,-0.9999,False
5,1900,0.4,0.0024,-0.0608,-0.0092,-0.0906,-0.9999,0.0157,False
5,2000,0.4,0.0005,-0.0185,-0.5022,0.0335,0.0157,0.9999,False
5,2100,0.4,-0.0014,0.0477,-0.0855,-0.0417,0.9999,-0.0157,False
5,2200,0.4,0.0159,-0.01,0.8116,0.0128,-0.0157,-0.9999,False
5,2300,0.4,0.0026,-0.0611,-0.0115,-0.0888,-0.9999,0.0157,False
5,2400,0.4,0.001,-0.0183,-0.5085,0.0332,0.0157,0.9999,False
5,2500,0.4,-0.0013,0.0486,-0.0847,-0.045,0.9999,-0.0157,False
5,2600,0.4,0.0193,-0.0007,0.4133,0.2172,-0.0157,-0.9999,False
5,2700,0.4,0.0249,-0.0562,0.1111,-0.1859,-0.9999,0.0157,False
5,2800,0.4,-0.0029,-0.0249,-0.369,0.001,0.0157,0.9999,False
5,2900,0.4,-0.0058,0.0326,0.0887,-0.1663,0.9999,-0.0157,False
5,3000,0.4,-0.0237,-0.0475,0.6825,-0.1276,-0.0157,-0.9999,False
5,3100,0.4,-0.0543,-0.0685,-0.0793,-0.1245,-0.9999,0.0157,False
5,3200,0.4,-0.0599,0.0587,-0.1442,0.1638,0.0157,0.9999,False
5,3300,0.4,-0.0462,0.0266,0.3201,0.189,0.9999,-0.0157,False
5,3400,0.4,-0.0308,-0.074,0.1999,-0.0171,-0.0157,-0.9999,False
5,3500,0.4,-0.0226,-0.079,-0.0723,0.0007,-0.9999,0.0157,False
5,3600,0.4,-0.0149,-0.0334,-0.2619,0.1711,0.0157,0.9999,False
5,3700,0.4,0.0075,0.0241,0.0457,-0.0744,0.9999,-0.0157,False
5,3800,0.4,0.001,-0.0472,0.2232,-0.1006,-0.0157,-0.9999,False
5,3900,0.4,-0.0403,-0.0761,-0.0253,-0.2522,-0.9999,0.0157,False
5,4000,0.4,-0.071,0.0236,-1.6205,0.1722,0.0157,0.9999,False
5,4100,0.4,-0.0517,0.0344,0.2115,0.1406,0.9999,-0.0157,False
5,4200,0.4,-0.0361,-0.0615,0.2215,-0.1641,-0.0157,-0.9999,False
5,4300,0.4,-0.0411,-0.0729,-0.0722,-0.0414,-0.9999,0.0157,False
5,4400,0.4,-0.0505,-0.0003,-0.9354,-0.0531,0.0157,0.9999,False
5,4500,0.4,-0.0322,0.0444,0.0713,0.0576,0.9999,-0.0157,False
5,4600,0.4,-0.0141,-0.0217,0.5796,-0.0205,-0.0157,-0.9999,False
5,4700,0.4,-0.0373,-0.0703,0.0893,-0.2137,-0.9999,0.0157,False
5,4800,0.4,-0.0663,-0.0232,-0.9579,-0.0928,0.0157,0.9999,False
5,4900,0.4,-0.0494,0.0265,0.1421,0.0907,0.9999,-0.0157,False
5,4999,0.4,-0.0379,-0.0648,0.2584,-0.1581,0.0,-1.0,False
6,0,0.4,0.0004,-0.0,0.0,0.2184,0.0157,0.9999,False
6,100,0.4,0.0093,0.033,-0.0519,0.0309,0.9999,-0.0157,False
6,200,0.4,0.0231,-0.0046,0.6245,-0.0144,-0.0157,-0.9999,False
6,300,0.4,0.0049,-0.0573,0.0135,-0.0944,-0.9999,0.0157,False
6,400,0.4,0.0014,-0.0173,-0.541,0.0219,0.0157,0.9999,False
6,500,0.4,-0.0015,0.0525,-0.0919,-0.0593,0.9999,-0.0157,False
6,600,0.4,0.0134,-0.0024,0.7416,0.0382,-0.0157,-0.9999,False
6,700,0.4,0.0002,-0.0573,-0.0005,-0.0855,-0.9999,0.0157,False
6,800,0.4,-0.0012,-0.0175,-0.487,0.0377,0.0157,0.9999,False
6,900,0.4,-0.0019,0.0473,-0.0866,-0.0347,0.9999,-0.0157,False
6,1000,0.4,0.0165,-0.0104,0.8212,0.0115,-0.0157,-0.9999,False
6,1100,0.4,0.003,-0.0614,-0.011,-0.0906,-0.9999,0.0157,False
6,1200,0.4,0.0013,-0.0189,-0.5043,0.0336,0.0157,0.9999,False
6,1300,0.4,-0.0011,0.0482,-0.087,-0.0457,0.9999,-0.0157,False
6,1400,0.4,0.0156,-0.0096,0.809,0.0136,-0.0157,-0.9999,False
6,1500,0.4,0.0024,-0.061,-0.01,-0.0909,-0.9999,0.0157,False
6,1600,0.4,0.0004,-0.0185,-0.5026,0.0332,0.0157,0.9999,False
6,1700,0.4,-0.0013,0.048,-0.0882,-0.0405,0.9999,-0.0157,False
6,1800,0.4,0.0162,-0.0093,0.8101,0.0142,-0.0157,-0.9999,False
6,1900,0.4,0.0028,-0.061,-0.0093,-0.0921,-0.9999,0.0157,False
6,2000,0.4,0.0007,-0.0187,-0.5012,0.033,0.0157,0.9999,False
6,2100,0.4,-0.0011,0.0479,-0.0887,-0.0411,0.9999,-0.0157,False
6,2200,0.4,0.0162,-0.0094,0.8102,0.0138,-0.0157,-0.9999,False
6,2300,0.4,0.0029,-0.061,-0.0094,-0.0922,-0.9999,0.0157,False
6,2400,0.4,0.0007,-0.0186,-0.502,0.0326,0.0157,0.9999,False
6,2500,0.4,-0.001,0.047,-0.0807,-0.0442,0.9999,-0.0157,False
6,2600,0.4,0.0204,-0.0022,0.4068,0.2225,-0.0157,-0.9999,False
6,2700,0.4,0.0246,-0.0576,0.111,-0.198,-0.9999,0.0157,False
6,2800,0.4,-0.0066,-0.0257,-0.3535,-0.027,0.0157,0.9999,False
6,2900,0.4,-0.0094,0.03,0.0822,-0.1626,0.9999,-0.0157,False
6,3000,0.4,-0.0279,-0.0516,0.667,-0.1094,-0.0157,-0.9999,False
6,3100,0.4,-0.0555,-0.0708,-0.1051,-0.1056,-0.9999,0.0157,False
6,3200,0.4,-0.058,0.0586,-0.1419,0.1444,0.0157,0.9999,False
6,3300,0.4,-0.0454,0.0258,0.3356,0.1915,0.9999,-0.0157,False
6,3400,0.4,-0.0286,-0.0749,0.2022,0.0101,-0.0157,-0.9999,False
6,3500,0.4,-0.0188,-0.0815,-0.064,0.0011,-0.9999,0.0157,False
6,3600,0.4,-0.0082,-0.041,-0.2555,0.1896,0.0157,0.9999,False
6,3700,0.4,0.0133,0.0214,0.0564,-0.0798,0.9999,-0.0157,False
6,3800,0.4,0.0044,-0.0519,0.2711,-0.1461,-0.0157,-0.9999,False
6,3900,0.4,-0.0409,-0.0768,-0.0555,-0.2495,-0.9999,0.0157,False
6,4000,0.4,-0.0703,0.0383,-1.7342,0.3012,0.0157,0.9999,False
6,4100,0.4,-0.0517,0.0341,0.2281,0.151,0.9999,-0.0157,False
6,4200,0.4,-0.0365,-0.0639,0.1858,-0.1703,-0.0157,-0.9999,False
6,4300,0.4,-0.0405,-0.0721,-0.0911,-0.0276,-0.9999,0.0157,False
6,4400,0.4,-0.0485,0.0032,-0.9126,-0.0468,0.0157,0.9999,False
6,4500,0.4,-0.0293,0.044,0.0757,0.0556,0.9999,-0.0157,False
6,4600,0.4,-0.0114,-0.0227,0.578,-0.0223,-0.0157,-0.9999,False
6,4700,0.4,-0.0357,-0.0721,0.0907,-0.222,-0.9999,0.0157,False
6,4800,0.4,-0.0659,-0.0262,-0.9289,-0.0966,0.0157,0.9999,False
6,4900,0.4,-0.0484,0.0258,0.1356,0.0848,0.9999,-0.0157,False
6,4999,0.4,-0.038,-0.0659,0.3047,-0.162,0.0,-1.0,False
7,0,0.4,0.0004,-0.0,0.0,0.2184,0.0157,0.9999,False
7,100,0.4,0.0094,0.0331,-0.0578,0.0289,0.9999,-0.0157,False
7,200,0.4,0.0235,-0.0013,0.5932,-0.0099,-0.0157,-0.9999,False
7,300,0.4,0.005,-0.0559,0.0225,-0.0889,-0.9999,0.0157,False
7,400,0.4,0.0017,-0.0173,-0.5356,0.0218,0.0157,0.9999,False
7,500,0.4,-0.0013,0.0523,-0.0917,-0.0589,0.9999,-0.0157,False
7,600,0.4,0.0137,-0.0025,0.7427,0.0377,-0.0157,-0.9999,False
7,700,0.4,0.0005,-0.0575,-0.0007,-0.0858,-0.9999,0.0157,False
7,800,0.4,-0.001,-0.0175,-0.4878,0.0373,0.0157,0.9999,False
7,900,0.4,-0.0018,0.0474,-0.0866,-0.0352,0.9999,-0.0157,False
7,1000,0.4,0.0165,-0.0103,0.8205,0.0117,-0.0157,-0.9999,False
7,1100,0.4,0.0031,-0.0613,-0.0109,-0.0906,-0.9999,0.0157,False
7,1200,0.4,0.0013,-0.0188,-0.5047,0.0335,0.0157,0.9999,False
7,1300,0.4,-0.0011,0.0483,-0.0868,-0.0458,0.9999,-0.0157,False
7,1400,0.4,0.0156,-0.0095,0.8087,0.0136,-0.0157,-0.9999,False
7,1500,0.4,0.0024,-0.061,-0.0099,-0.0908,-0.9999,0.0157,False
7,1600,0.4,0.0005,-0.0185,-0.5027,0.0331,0.0157,0.9999,False
7,1700,0.4,-0.0013,0.0481,-0.0882,-0.0406,0.9999,-0.0157,False
7,1800,0.4,0.0162,-0.0093,0.8101,0.0143,-0.0157,-0.9999,False
7,1900,0.4,0.0028,-0.061,-0.0092,-0.0921,-0.9999,0.0157,False
7,2000,0.4,0.0007,-0.0187,-0.5012,0.033,0.0157,0.9999,False
7,2100,0.4,-0.0011,0.048,-0.0887,-0.0411,0.9999,-0.0157,False
7,2200,0.4,0.0162,-0.0094,0.8102,0.0138,-0.0157,-0.9999,False
7,2300,0.4,0.0029,-0.061,-0.0094,-0.0922,-0.9999,0.0157,False
7,2400,0.4,0.0007,-0.0186,-0.502,0.0326,0.0157,0.9999,False
7,2500,0.4,-0.001,0.047,-0.0809,-0.0441,0.9999,-0.0157,False
7,2600,0.4,0.0203,-0.0022,0.4054,0.2219,-0.0157,-0.9999,False
7,2700,0.4,0.0244,-0.0577,0.1115,-0.1996,-0.9999,0.0157,False
7,2800,0.4,-0.0072,-0.0252,-0.356,-0.0312,0.0157,0.9999,False
7,2900,0.4,-0.0101,0.0301,0.0806,-0.1619,0.9999,-0.0157,False
7,3000,0.4,-0.0285,-0.0514,0.6759,-0.1122,-0.0157,-0.9999,False
7,3100,0.4,-0.0555,-0.0706,-0.1015,-0.1025,-0.9999,0.0157,False
7,3200,0.4,-0.0579,0.0588,-0.1367,0.1419,0.0157,0.9999,False
7,3300,0.4,-0.0454,0.0259,0.3359,0.1916,0.9999,-0.0157,False
7,3400,0.4,-0.0284,-0.0749,0.2036,0.0117,-0.0157,-0.9999,False
7,3500,0.4,-0.0185,-0.0818,-0.0624,0.0009,-0.9999,0.0157,False
7,3600,0.4,-0.008,-0.0415,-0.255,0.1888,0.0157,0.9999,False
7,3700,0.4,0.0134,0.0213,0.0561,-0.0805,0.9999,-0.0157,False
7,3800,0.4,0.0043,-0.0519,0.2694,-0.1478,-0.0157,-0.9999,False
7,3900,0.4,-0.0412,-0.0766,-0.0575,-0.2487,-0.9999,0.0157,False
7,4000,0.4,-0.0703,0.0393,-1.6132,0.3359,0.0157,0.9999,False
7,4100,0.4,-0.052,0.0338,0.231,0.1507,0.9999,-0.0157,False
7,4200,0.4,-0.0366,-0.0639,0.1907,-0.1664,-0.0157,-0.9999,False
7,4300,0.4,-0.0404,-0.0729,-0.0853,-0.0314,-0.9999,0.0157,False
7,4400,0.4,-0.0487,0.0006,-0.8886,-0.0489,0.0157,0.9999,False
7,4500,0.4,-0.0295,0.0432,0.0717,0.0529,0.9999,-0.0157,False
7,4600,0.4,-0.0119,-0.023,0.5765,-0.0245,-0.0157,-0.9999,False
7,4700,0.4,-0.0363,-0.0717,0.0884,-0.2208,-0.9999,0.0157,False
7,4800,0.4,-0.0663,-0.0248,-0.9465,-0.0949,0.0157,0.9999,False
7,4900,0.4,-0.0487,0.0261,0.1396,0.0868,0.9999,-0.0157,False
7,4999,0.4,-0.0381,-0.0659,0.3024,-0.1605,0.0,-1.0,False
8,0,0.4,0.0004,-0.0,0.0,0.2184,0.0157,0.9999,False
8,100,0.4,0.0095,0.0327,-0.0568,0.029,0.9999,-0.0157,False
8,200,0.4,0.0233,-0.0023,0.5973,-0.0121,-0.0157,-0.9999,False
8,300,0.4,0.0049,-0.0566,0.0224,-0.0884,-0.9999,0.0157,False
8,400,0.4,0.0017,-0.018,-0.5327,0.0224,0.0157,0.9999,False
8,500,0.4,-0.0012,0.0518,-0.093,-0.0585,0.9999,-0.0157,False
8,600,0.4,0.0138,-0.0029,0.7447,0.0366,-0.0157,-0.9999,False
8,700,0.4,0.0004,-0.0577,-0.0011,-0.0863,-0.9999,0.0157,False
8,800,0.4,-0.0011,-0.0176,-0.4873,0.0374,0.0157,0.9999,False
8,900,0.4,-0.0018,0.0472,-0.0868,-0.0349,0.9999,-0.0157,False
8,1000,0.4,0.0165,-0.0105,0.8212,0.0112,-0.0157,-0.9999,False
8,1100,0.4,0.0031,-0.0614,-0.011,-0.0907,-0.9999,0.0157,False
8,1200,0.4,0.0013,-0.0189,-0.5045,0.0335,0.0157,0.9999,False
8,1300,0.4,-0.0011,0.0482,-0.0869,-0.0457,0.9999,-0.0157,False
8,1400,0.4,0.0156,-0.0096,0.8089,0.0135,-0.0157,-0.9999,False
8,1500,0.4,0.0024,-0.061,-0.0099,-0.0909,-0.9999,0.0157,False
8,1600,0.4,0.0005,-0.0185,-0.5027,0.0331,0.0157,0.9999,False
8,1700,0.4,-0.0013,0.0481,-0.0882,-0.0405,0.9999,-0.0157,False
8,1800,0.4,0.0162,-0.0093,0.8102,0.0142,-0.0157,-0.9999,False
8,1900,0.4,0.0028,-0.061,-0.0093,-0.0921,-0.9999,0.0157,False
8,2000,0.4,0.0007,-0.0187,-0.5012,0.033,0.0157,0.9999,False
8,2100,0.4,-0.0011,0.0479,-0.0887,-0.0411,0.9999,-0.0157,False
8,2200,0.4,0.0162,-0.0094,0.8102,0.0138,-0.0157,-0.9999,False
8,2300,0.4,0.0029,-0.061,-0.0094,-0.0922,-0.9999,0.0157,False
8,2400,0.4,0.0007,-0.0186,-0.502,0.0326,0.0157,0.9999,False
8,2500,0.4,-0.001,0.047,-0.081,-0.0441,0.9999,-0.0157,False
8,2600,0.4,0.0203,-0.0022,0.4052,0.2223,-0.0157,-0.9999,False
8,2700,0.4,0.0246,-0.0576,0.1111,-0.1989,-0.9999,0.0157,False
8,2800,0.4,-0.0071,-0.0251,-0.356,-0.0309,0.0157,0.9999,False
8,2900,0.4,-0.01,0.0302,0.0809,-0.1621,0.9999,-0.0157,False
8,3000,0.4,-0.0282,-0.0512,0.6666,-0.109,-0.0157,-0.9999,False
8,3100,0.4,-0.0554,-0.0706,-0.1005,-0.1035,-0.9999,0.0157,False
8,3200,0.4,-0.0579,0.0583,-0.1461,0.1436,0.0157,0.9999,False
8,3300,0.4,-0.0452,0.0266,0.3295,0.1913,0.9999,-0.0157,False
8,3400,0.4,-0.0279,-0.0746,0.2115,0.0045,-0.0157,-0.9999,False
8,3500,0.4,-0.0187,-0.0819,-0.0591,-0.0011,-0.9999,0.0157,False
8,3600,0.4,-0.0096,-0.0417,-0.2451,0.181,0.0157,0.9999,False
8,3700,0.4,0.0122,0.0205,0.0527,-0.0819,0.9999,-0.0157,False
8,3800,0.4,0.0023,-0.0531,0.2657,-0.1529,-0.0157,-0.9999,False
8,3900,0.4,-0.0422,-0.0769,-0.061,-0.2421,-0.9999,0.0157,False
8,4000,0.4,-0.0703,0.04,-1.5521,0.3535,0.0157,0.9999,False
8,4100,0.4,-0.0517,0.0336,0.23,0.1526,0.9999,-0.0157,False
8,4200,0.4,-0.0367,-0.0647,0.1931,-0.1633,-0.0157,-0.9999,False
8,4300,0.4,-0.0399,-0.0728,-0.0873,-0.0272,-0.9999,0.0157,False
8,4400,0.4,-0.0478,0.0001,-0.8498,-0.0485,0.0157,0.9999,False
8,4500,0.4,-0.0279,0.0429,0.0704,0.047,0.9999,-0.0157,False
8,4600,0.4,-0.0118,-0.0236,0.5783,-0.0329,-0.0157,-0.9999,False
8,4700,0.4,-0.0366,-0.0716,0.0869,-0.2225,-0.9999,0.0157,False
8,4800,0.4,-0.0667,-0.0232,-0.9731,-0.0915,0.0157,0.9999,False
8,4900,0.4,-0.0488,0.0271,0.1441,0.0902,0.9999,-0.0157,False
8,4999,0.4,-0.0376,-0.0651,0.3062,-0.1612,0.0,-1.0,False
9,0,0.4,0.0004,-0.0,0.0,0.2184,0.0157,0.9999,False
9,100,0.4,0.0094,0.0328,-0.0555,0.0287,0.9999,-0.0157,False
9,200,0.4,0.0232,-0.0024,0.599,-0.0123,-0.0157,-0.9999,False
9,300,0.4,0.0049,-0.0567,0.0222,-0.0881,-0.9999,0.0157,False
9,400,0.4,0.0017,-0.018,-0.5326,0.0226,0.0157,0.9999,False
9,500,0.4,-0.0012,0.0518,-0.0932,-0.0585,0.9999,-0.0157,False
9,600,0.4,0.0138,-0.003,0.745,0.0365,-0.0157,-0.9999,False
9,700,0.4,0.0004,-0.0577,-0.0012,-0.0863,-0.9999,0.0157,False
9,800,0.4,-0.0011,-0.0176,-0.4873,0.0373,0.0157,0.9999,False
9,900,0.4,-0.0018,0.0472,-0.0868,-0.0349,0.9999,-0.0157,False
9,1000,0.4,0.0165,-0.0105,0.8212,0.0111,-0.0157,-0.9999,False
9,1100,0.4,0.0031,-0.0614,-0.0111,-0.0907,-0.9999,0.0157,False
9,1200,0.4,0.0013,-0.0189,-0.5045,0.0335,0.0157,0.9999,False
9,1300,0.4,-0.0011,0.0482,-0.0869,-0.0457,0.9999,-0.0157,False
9,1400,0.4,0.0156,-0.0096,0.809,0.0136,-0.0157,-0.9999,False
9,1500,0.4,0.0024,-0.061,-0.0099,-0.0909,-0.9999,0.0157,False
9,1600,0.4,0.0004,-0.0185,-0.5027,0.0332,0.0157,0.9999,False
9,1700,0.4,-0.0013,0.0481,-0.0882,-0.0405,0.9999,-0.0157,False
9,1800,0.4,0.0162,-0.0093,0.8102,0.0142,-0.0157,-0.9999,False
9,1900,0.4,0.0028,-0.061,-0.0093,-0.0921,-0.9999,0.0157,False
9,2000,0.4,0.0007,-0.0187,-0.5012,0.033,0.0157,0.9999,False
9,2100,0.4,-0.0011,0.0479,-0.0887,-0.0411,0.9999,-0.0157,False
9,2200,0.4,0.0162,-0.0094,0.8102,0.0138,-0.0157,-0.9999,False
9,2300,0.4,0.0029,-0.061,-0.0094,-0.0922,-0.9999,0.0157,False
9,2400,0.4,0.0007,-0.0186,-0.502,0.0326,0.0157,0.9999,False
9,2500,0.4,-0.001,0.047,-0.081,-0.0441,0.9999,-0.0157,False
9,2600,0.4,0.0203,-0.0022,0.4054,0.2221,-0.0157,-0.9999,False
9,2700,0.4,0.0245,-0.0576,0.1115,-0.1996,-0.9999,0.0157,False
9,2800,0.4,-0.0072,-0.0252,-0.3561,-0.0308,0.0157,0.9999,False
9,2900,0.4,-0.0101,0.0301,0.0806,-0.1621,0.9999,-0.0157,False
9,3000,0.4,-0.0284,-0.0514,0.6758,-0.1122,-0.0157,-0.9999,False
9,3100,0.4,-0.0555,-0.0705,-0.1038,-0.1029,-0.9999,0.0157,False
9,3200,0.4,-0.0578,0.0588,-0.1368,0.142,0.0157,0.9999,False
9,3300,0.4,-0.0453,0.026,0.3347,0.1915,0.9999,-0.0157,False
9,3400,0.4,-0.0281,-0.075,0.2102,0.0147,-0.0157,-0.9999,False
9,3500,0.4,-0.0189,-0.0818,-0.0632,-0.0009,-0.9999,0.0157,False
9,3600,0.4,-0.0096,-0.0407,-0.2499,0.1831,0.0157,0.9999,False
9,3700,0.4,0.0122,0.021,0.0539,-0.0808,0.9999,-0.0157,False
9,3800,0.4,0.0032,-0.0524,0.2594,-0.1452,-0.0157,-0.9999,False
9,3900,0.4,-0.0418,-0.077,-0.0564,-0.2456,-0.9999,0.0157,False
9,4000,0.4,-0.0705,0.0382,-1.6197,0.3289,0.0157,0.9999,False
9,4100,0.4,-0.0518,0.0337,0.2247,0.1529,0.9999,-0.0157,False
9,4200,0.4,-0.036,-0.0635,0.1975,-0.1644,-0.0157,-0.9999,False
9,4300,0.4,-0.04,-0.0732,-0.0814,-0.0373,-0.9999,0.0157,False
9,4400,0.4,-0.0489,-0.0011,-0.8664,-0.0521,0.0157,0.9999,False
9,4500,0.4,-0.0296,0.0436,0.0711,0.0479,0.9999,-0.0157,False
9,4600,0.4,-0.0133,-0.0235,0.5906,-0.0335,-0.0157,-0.9999,False
9,4700,0.4,-0.0377,-0.0714,0.0855,-0.2172,-0.9999,0.0157,False
9,4800,0.4,-0.0669,-0.0227,-0.9833,-0.0884,0.0157,0.9999,False
9,4900,0.4,-0.0494,0.0259,0.1474,0.0932,0.9999,-0.0157,False
9,4999,0.4,-0.0381,-0.0662,0.2424,-0.1636,0.0,-1.0,False
10,0,0.6,0.0004,-0.0,0.0,0.2184,0.0157,0.9999,False
10,100,0.6,0.0012,0.0405,-0.0507,-0.0006,0.9999,-0.0157,False
10,200,0.6,0.0098,0.0027,0.5518,-0.0086,-0.0157,-0.9999,False
10,300,0.6,-0.0102,-0.0598,0.042,-0.0876,-0.9999,0.0157,False
10,400,0.6,-0.0118,-0.0281,-0.6008,0.0174,0.0157,0.9999,False
10,500,0.6,-0.0176,0.0636,-0.137,-0.1141,0.9999,-0.0157,False
10,600,0.6,-0.0054,0.014,0.7308,0.1145,-0.0157,-0.9999,False
10,700,0.6,-0.0151,-0.0577,0.0047,-0.0784,-0.9999,0.0157,False
10,800,0.6,-0.0135,-0.0248,-0.4582,0.0586,0.0157,0.9999,False
10,900,0.6,-0.0169,0.053,-0.1162,-0.0834,0.9999,-0.0157,False
10,1000,0.6,0.001,-0.0011,0.8497,0.0651,-0.0157,-0.9999,False
10,1100,0.6,-0.0107,-0.0639,-0.0214,-0.0876,-0.9999,0.0157,False
10,1200,0.6,-0.0089,-0.0245,-0.5636,0.0414,0.0157,0.9999,False
10,1300,0.6,-0.0152,0.0603,-0.1077,-0.099,0.9999,-0.0157,False
10,1400,0.6,-0.0006,0.0039,0.8322,0.0747,-0.0157,-0.9999,False
10,1500,0.6,-0.012,-0.062,-0.0124,-0.0837,-0.9999,0.0157,False
10,1600,0.6,-0.0095,-0.024,-0.5557,0.0455,0.0157,0.9999,False
10,1700,0.6,-0.0154,0.0602,-0.1071,-0.0955,0.9999,-0.0157,False
10,1800,0.6,0.0011,0.0069,0.5282,0.2025,-0.0157,-0.9999,False
10,1900,0.6,0.0159,-0.0532,0.1181,-0.1763,-0.9999,0.0157,False
10,2000,0.6,-0.006,-0.0228,-0.5214,0.1081,0.0157,0.9999,False
10,2100,0.6,0.0053,0.0429,0.0014,-0.1038,0.9999,-0.0157,False
10,2200,0.6,0.0053,-0.0164,0.2259,-0.0271,-0.0157,-0.9999,False
10,2300,0.6,-0.0472,-0.0495,-0.0218,-0.255,-0.9999,0.0157,False
10,2400,0.6,-0.0735,0.0866,-0.9118,0.5522,0.0157,0.9999,False
10,2500,0.6,-0.0567,0.0307,0.4719,0.1365,0.9999,-0.0157,False
10,2600,0.6,-0.0562,-0.0869,0.1928,-0.0892,-0.0157,-0.9999,False
10,2700,0.6,-0.0403,-0.085,-0.2034,0.089,-0.9999,0.0157,False
10,2800,0.6,-0.0443,0.0323,-0.1585,0.0665,0.0157,0.9999,False
10,2900,0.6,-0.0416,0.033,0.2246,0.0635,0.9999,-0.0157,False
10,3000,0.6,-0.0185,-0.046,0.3028,0.092,-0.0157,-0.9999,False
10,3100,0.6,-0.0423,-0.0982,0.0943,-0.2379,-0.9999,0.0157,False
10,3200,0.6,-0.0647,-0.0728,-0.3837,0.0092,0.0157,0.9999,False
10,3300,0.6,-0.0417,-0.0035,-0.0039,-0.0194,0.9999,-0.0157,False
10,3400,0.6,-0.0508,-0.0801,0.1224,-0.0856,-0.0157,-0.9999,False
10,3500,0.6,-0.0658,-0.0669,-0.2498,-0.0803,-0.9999,0.0157,False
10,3600,0.6,-0.0726,0.0671,0.0188,0.1497,0.0157,0.9999,False
10,3700,0.6,-0.0568,0.014,0.4349,0.1384,0.9999,-0.0157,False
10,3800,0.6,-0.0518,-0.1071,0.2036,-0.0458,-0.0157,-0.9999,False
10,3900,0.6,-0.0521,-0.0961,-0.1811,-0.0365,-0.9999,0.0157,False
10,4000,0.6,-0.0587,-0.0204,-0.6765,-0.0493,0.0157,0.9999,False
10,4100,0.6,-0.0426,0.0075,0.1853,0.0317,0.9999,-0.0157,False
10,4200,0.6,-0.0415,-0.0861,0.2707,-0.1306,-0.0157,-0.9999,False
10,4300,0.6,-0.0698,-0.0959,-0.1152,-0.16,-0.9999,0.0157,False
10,4400,0.6,-0.0838,-0.0019,-1.4235,0.1745,0.0157,0.9999,False
10,4500,0.6,-0.0559,-0.0065,0.452,0.1271,0.9999,-0.0157,False
10,4600,0.6,-0.0529,-0.1084,-0.0365,0.0598,-0.0157,-0.9999,False
10,4700,0.6,-0.0459,-0.0653,-0.2501,-0.0391,-0.9999,0.0157,False
10,4800,0.6,-0.0584,0.0133,-0.7535,0.0508,0.0157,0.9999,False
10,4900,0.6,-0.04,0.0222,0.2137,0.0592,0.9999,-0.0157,False
10,4999,0.6,-0.0359,-0.0787,0.3834,-0.184,0.0,-1.0,False
11,0,0.6,0.0004,-0.0,0.0,0.2184,0.0157,0.9999,False
11,100,0.6,0.0014,0.0408,-0.0357,0.0183,0.9999,-0.0157,False
11,200,0.6,0.0126,0.0026,0.5606,-0.0087,-0.0157,-0.9999,False
11,300,0.6,-0.0075,-0.0632,0.0412,-0.0936,-0.9999,0.0157,False
11,400,0.6,-0.0103,-0.0299,-0.6141,0.0118,0.0157,0.9999,False
11,500,0.6,-0.0159,0.0633,-0.1459,-0.1191,0.9999,-0.0157,False
11,600,0.6,-0.005,0.0141,0.7291,0.1123,-0.0157,-0.9999,False
11,700,0.6,-0.0144,-0.0571,0.0074,-0.0723,-0.9999,0.0157,False
11,800,0.6,-0.0124,-0.024,-0.4737,0.0547,0.0157,0.9999,False
11,900,0.6,-0.0165,0.0539,-0.1116,-0.089,0.9999,-0.0157,False
11,1000,0.6,0.0003,-0.0009,0.8463,0.0667,-0.0157,-0.9999,False
11,1100,0.6,-0.011,-0.064,-0.0198,-0.0862,-0.9999,0.0157,False
11,1200,0.6,-0.009,-0.0248,-0.5636,0.0422,0.0157,0.9999,False
11,1300,0.6,-0.0152,0.0602,-0.1084,-0.0984,0.9999,-0.0157,False
11,1400,0.6,-0.0005,0.0038,0.833,0.0741,-0.0157,-0.9999,False
11,1500,0.6,-0.012,-0.062,-0.0125,-0.0841,-0.9999,0.0157,False
11,1600,0.6,-0.0095,-0.0241,-0.5546,0.0456,0.0157,0.9999,False
11,1700,0.6,-0.0154,0.06,-0.1073,-0.0954,0.9999,-0.0157,False
11,1800,0.6,0.0012,0.0069,0.5251,0.2041,-0.0157,-0.9999,False
11,1900,0.6,0.0161,-0.0532,0.1193,-0.1772,-0.9999,0.0157,False
11,2000,0.6,-0.0057,-0.0228,-0.5227,0.1076,0.0157,0.9999,False
11,2100,0.6,0.0055,0.0428,0.0016,-0.1038,0.9999,-0.0157,False
11,2200,0.6,0.0053,-0.0168,0.2324,-0.0326,-0.0157,-0.9999,False
11,2300,0.6,-0.0471,-0.0501,-0.024,-0.2544,-0.9999,0.0157,False
11,2400,0.6,-0.0734,0.0858,-0.9123,0.553,0.0157,0.9999,False
11,2500,0.6,-0.0567,0.0297,0.4769,0.1371,0.9999,-0.0157,False
11,2600,0.6,-0.0567,-0.0875,0.1778,-0.0955,-0.0157,-0.9999,False
11,2700,0.6,-0.0405,-0.0845,-0.2082,0.0854,-0.9999,0.0157,False
11,2800,0.6,-0.0446,0.0335,-0.1489,0.0713,0.0157,0.9999,False
11,2900,0.6,-0.0418,0.0337,0.2251,0.0623,0.9999,-0.0157,False
11,3000,0.6,-0.0188,-0.0453,0.2934,0.0878,-0.0157,-0.9999,False
11,3100,0.6,-0.0434,-0.0974,0.0937,-0.2369,-0.9999,0.0157,False
11,3200,0.6,-0.0651,-0.071,-0.423,0.0046,0.0157,0.9999,False
11,3300,0.6,-0.041,-0.0019,0.0084,-0.0104,0.9999,-0.0157,False
11,3400,0.6,-0.0501,-0.0806,0.1242,-0.0946,-0.0157,-0.9999,False
11,3500,0.6,-0.0659,-0.0679,-0.2443,-0.0836,-0.9999,0.0157,False
11,3600,0.6,-0.0737,0.065,-0.0622,0.1771,0.0157,0.9999,False
11,3700,0.6,-0.0567,0.0141,0.4302,0.1391,0.9999,-0.0157,False
11,3800,0.6,-0.0516,-0.1068,0.1955,-0.0445,-0.0157,-0.9999,False
11,3900,0.6,-0.0527,-0.0944,-0.1818,-0.0403,-0.9999,0.0157,False
11,4000,0.6,-0.0594,-0.018,-0.7066,-0.0454,0.0157,0.9999,False
11,4100,0.6,-0.0426,0.0088,0.1909,0.0387,0.9999,-0.0157,False
11,4200,0.6,-0.0405,-0.0854,0.28,-0.1413,-0.0157,-0.9999,False
11,4300,0.6,-0.0699,-0.097,-0.1104,-0.1636,-0.9999,0.0157,False
11,4400,0.6,-0.0845,-0.0054,-1.3922,0.1504,0.0157,0.9999,False
11,4500,0.6,-0.0557,-0.0044,0.4285,0.1245,0.9999,-0.0157,False
11,4600,0.6,-0.0542,-0.1082,-0.0215,0.0481,-0.0157,-0.9999,False
11,4700,0.6,-0.0491,-0.0666,-0.2427,-0.0394,-0.9999,0.0157,False
11,4800,0.6,-0.0603,0.0083,-0.723,0.0206,0.0157,0.9999,False
11,4900,0.6,-0.0401,0.0186,0.2282,0.0692,0.9999,-0.0157,False
11,4999,0.6,-0.0372,-0.0867,0.3528,-0.1989,0.0,-1.0,False
12,0,0.6,0.0004,-0.0,0.0,0.2184,0.0157,0.9999,False
12,100,0.6,0.0013,0.0424,-0.0246,0.0167,0.9999,-0.0157,False
12,200,0.6,0.0119,0.0016,0.5834,-0.011,-0.0157,-0.9999,False
12,300,0.6,-0.0078,-0.0641,0.0396,-0.0893,-0.9999,0.0157,False
12,400,0.6,-0.01,-0.0296,-0.6378,0.0088,0.0157,0.9999,False
12,500,0.6,-0.0168,0.065,-0.1375,-0.1202,0.9999,-0.0157,False
12,600,0.6,-0.0058,0.015,0.7243,0.1167,-0.0157,-0.9999,False
12,700,0.6,-0.0153,-0.0572,0.0071,-0.0734,-0.9999,0.0157,False
12,800,0.6,-0.0132,-0.0247,-0.4582,0.0589,0.0157,0.9999,False
12,900,0.6,-0.0169,0.0531,-0.1153,-0.0837,0.9999,-0.0157,False
12,1000,0.6,0.001,-0.0012,0.8506,0.0646,-0.0157,-0.9999,False
12,1100,0.6,-0.0107,-0.064,-0.0215,-0.0877,-0.9999,0.0157,False
12,1200,0.6,-0.0089,-0.0246,-0.5632,0.0414,0.0157,0.9999,False
12,1300,0.6,-0.0152,0.0603,-0.1079,-0.0989,0.9999,-0.0157,False
12,1400,0.6,-0.0006,0.0038,0.8324,0.0745,-0.0157,-0.9999,False
12,1500,0.6,-0.012,-0.062,-0.0125,-0.0838,-0.9999,0.0157,False
12,1600,0.6,-0.0095,-0.024,-0.5556,0.0455,0.0157,0.9999,False
12,1700,0.6,-0.0154,0.0602,-0.1071,-0.0954,0.9999,-0.0157,False
12,1800,0.6,0.0013,0.0073,0.5153,0.2144,-0.0157,-0.9999,False
12,1900,0.6,0.017,-0.0527,0.1199,-0.1779,-0.9999,0.0157,False
12,2000,0.6,-0.0045,-0.0213,-0.5339,0.1084,0.0157,0.9999,False
12,2100,0.6,0.0058,0.0441,0.0024,-0.1034,0.9999,-0.0157,False
12,2200,0.6,0.0054,-0.015,0.2297,-0.0295,-0.0157,-0.9999,False
12,2300,0.6,-0.0463,-0.0493,-0.0158,-0.2569,-0.9999,0.0157,False
12,2400,0.6,-0.0734,0.0862,-0.9275,0.5538,0.0157,0.9999,False
12,2500,0.6,-0.057,0.0307,0.476,0.1374,0.9999,-0.0157,False
12,2600,0.6,-0.0564,-0.0874,0.1909,-0.0868,-0.0157,-0.9999,False
12,2700,0.6,-0.0398,-0.0853,-0.205,0.0941,-0.9999,0.0157,False
12,2800,0.6,-0.0436,0.0323,-0.1473,0.0615,0.0157,0.9999,False
12,2900,0.6,-0.0414,0.0323,0.2266,0.0631,0.9999,-0.0157,False
12,3000,0.6,-0.0184,-0.0474,0.3038,0.0843,-0.0157,-0.9999,False
12,3100,0.6,-0.0424,-0.0994,0.0923,-0.2373,-0.9999,0.0157,False
12,3200,0.6,-0.0647,-0.0744,-0.3724,0.0072,0.0157,0.9999,False
12,3300,0.6,-0.0421,-0.005,-0.0072,-0.0211,0.9999,-0.0157,False
12,3400,0.6,-0.0517,-0.0821,0.1161,-0.0827,-0.0157,-0.9999,False
12,3500,0.6,-0.0656,-0.0661,-0.2626,-0.0759,-0.9999,0.0157,False
12,3600,0.6,-0.0719,0.0681,0.0711,0.1264,0.0157,0.9999,False
12,3700,0.6,-0.0566,0.013,0.4448,0.1367,0.9999,-0.0157,False
12,3800,0.6,-0.0523,-0.1082,0.1939,-0.0476,-0.0157,-0.9999,False
12,3900,0.6,-0.0521,-0.0972,-0.178,-0.04,-0.9999,0.0157,False
12,4000,0.6,-0.0589,-0.0239,-0.627,-0.0553,0.0157,0.9999,False
12,4100,0.6,-0.0428,0.0055,0.1782,0.0272,0.9999,-0.0157,False
12,4200,0.6,-0.0434,-0.0886,0.2525,-0.1271,-0.0157,-0.9999,False
12,4300,0.6,-0.0708,-0.0947,-0.1417,-0.1549,-0.9999,0.0157,False
12,4400,0.6,-0.0838,0.0052,-1.4797,0.2282,0.0157,0.9999,False
12,4500,0.6,-0.057,-0.0117,0.5022,0.1304,0.9999,-0.0157,False
12,4600,0.6,-0.0523,-0.1069,-0.0742,0.0836,-0.0157,-0.9999,False
12,4700,0.6,-0.0407,-0.0607,-0.2719,-0.0341,-0.9999,0.0157,False
12,4800,0.6,-0.054,0.0247,-0.504,0.1843,0.0157,0.9999,False
12,4900,0.6,-0.0381,0.0282,0.2078,0.0568,0.9999,-0.0157,False
12,4999,0.6,-0.0318,-0.0692,0.4085,-0.1723,0.0,-1.0,False
13,0,0.6,0.0004,-0.0,0.0,0.2184,0.0157,0.9999,False
13,100,0.6,0.0017,0.04,-0.0404,0.0026,0.9999,-0.0157,False
13,200,0.6,0.0125,0.0044,0.533,-0.0085,-0.0157,-0.9999,False
13,300,0.6,-0.0069,-0.0614,0.0496,-0.0883,-0.9999,0.0157,False
13,400,0.6,-0.0094,-0.029,-0.6177,0.008,0.0157,0.9999,False
13,500,0.6,-0.0165,0.0641,-0.1359,-0.1196,0.9999,-0.0157,False
13,600,0.6,-0.0053,0.0142,0.7278,0.1135,-0.0157,-0.9999,False
13,700,0.6,-0.015,-0.0574,0.0047,-0.0781,-0.9999,0.0157,False
13,800,0.6,-0.0134,-0.0244,-0.4613,0.0576,0.0157,0.9999,False
13,900,0.6,-0.017,0.0528,-0.1124,-0.0854,0.9999,-0.0157,False
13,1000,0.6,0.0006,-0.0018,0.8514,0.0646,-0.0157,-0.9999,False
13,1100,0.6,-0.0109,-0.0644,-0.0214,-0.087,-0.9999,0.0157,False
13,1200,0.6,-0.009,-0.0251,-0.5617,0.0424,0.0157,0.9999,False
13,1300,0.6,-0.0152,0.0599,-0.109,-0.0985,0.9999,-0.0157,False
13,1400,0.6,-0.0005,0.0035,0.8338,0.0735,-0.0157,-0.9999,False
13,1500,0.6,-0.012,-0.0621,-0.0133,-0.0843,-0.9999,0.0157,False
13,1600,0.6,-0.0096,-0.0241,-0.5545,0.0457,0.0157,0.9999,False
13,1700,0.6,-0.0154,0.06,-0.1072,-0.0952,0.9999,-0.0157,False
13,1800,0.6,0.0011,0.0069,0.5242,0.2022,-0.0157,-0.9999,False
13,1900,0.6,0.0163,-0.0533,0.1206,-0.1781,-0.9999,0.0157,False
13,2000,0.6,-0.0063,-0.0229,-0.522,0.102,0.0157,0.9999,False
13,2100,0.6,0.0035,0.0439,-0.0025,-0.0999,0.9999,-0.0157,False
13,2200,0.6,0.0044,-0.0172,0.231,-0.0213,-0.0157,-0.9999,False
13,2300,0.6,-0.0482,-0.0498,-0.026,-0.2476,-0.9999,0.0157,False
13,2400,0.6,-0.0724,0.0849,-0.958,0.5925,0.0157,0.9999,False
13,2500,0.6,-0.0556,0.0273,0.491,0.1434,0.9999,-0.0157,False
13,2600,0.6,-0.0577,-0.0866,0.1253,-0.1243,-0.0157,-0.9999,False
13,2700,0.6,-0.0403,-0.0826,-0.2127,0.0753,-0.9999,0.0157,False
13,2800,0.6,-0.0445,0.0369,-0.168,0.081,0.0157,0.9999,False
13,2900,0.6,-0.0418,0.0371,0.2247,0.0588,0.9999,-0.0157,False
13,3000,0.6,-0.0187,-0.0404,0.3051,0.1176,-0.0157,-0.9999,False
13,3100,0.6,-0.0438,-0.0929,0.0976,-0.2388,-0.9999,0.0157,False
13,3200,0.6,-0.0651,-0.065,-0.4903,-0.0036,0.0157,0.9999,False
13,3300,0.6,-0.041,0.0041,0.0405,0.0015,0.9999,-0.0157,False
13,3400,0.6,-0.0467,-0.0743,0.1442,-0.0979,-0.0157,-0.9999,False
13,3500,0.6,-0.0661,-0.0699,-0.1981,-0.1083,-0.9999,0.0157,False
13,3600,0.6,-0.0767,0.0606,-0.4985,0.3808,0.0157,0.9999,False
13,3700,0.6,-0.0581,0.0212,0.3966,0.1455,0.9999,-0.0157,False
13,3800,0.6,-0.0493,-0.0983,0.2389,-0.0389,-0.0157,-0.9999,False
13,3900,0.6,-0.0546,-0.0901,-0.158,-0.0647,-0.9999,0.0157,False
13,4000,0.6,-0.0624,-0.0212,-0.6346,-0.0548,0.0157,0.9999,False
13,4100,0.6,-0.0428,0.0111,0.1789,0.0397,0.9999,-0.0157,False
13,4200,0.6,-0.0415,-0.0829,0.268,-0.1374,-0.0157,-0.9999,False
13,4300,0.6,-0.0705,-0.0928,-0.1244,-0.1575,-0.9999,0.0157,False
13,4400,0.6,-0.0849,0.0064,-1.4649,0.2058,0.0157,0.9999,False
13,4500,0.6,-0.0572,-0.0051,0.446,0.1361,0.9999,-0.0157,False
13,4600,0.6,-0.054,-0.1084,-0.0137,0.0617,-0.0157,-0.9999,False
13,4700,0.6,-0.0472,-0.0684,-0.2403,-0.042,-0.9999,0.0157,False
13,4800,0.6,-0.0597,0.0067,-0.6766,0.0257,0.0157,0.9999,False
13,4900,0.6,-0.041,0.0183,0.2077,0.0537,0.9999,-0.0157,False
13,4999,0.6,-0.0385,-0.0834,0.3598,-0.1797,0.0,-1.0,False
14,0,0.6,0.0004,-0.0,0.0,0.2184,0.0157,0.9999,False
14,100,0.6,0.0015,0.0408,-0.0321,0.0164,0.9999,-0.0157,False
14,200,0.6,0.0123,0.002,0.5653,-0.0105,-0.0157,-0.9999,False
14,300,0.6,-0.0082,-0.0635,0.0377,-0.0974,-0.9999,0.0157,False
14,400,0.6,-0.0111,-0.0299,-0.6136,0.0141,0.0157,0.9999,False
14,500,0.6,-0.0163,0.0633,-0.1468,-0.118,0.9999,-0.0157,False
14,600,0.6,-0.0051,0.0142,0.729,0.1131,-0.0157,-0.9999,False
14,700,0.6,-0.0145,-0.057,0.0076,-0.0723,-0.9999,0.0157,False
14,800,0.6,-0.0125,-0.0241,-0.4726,0.055,0.0157,0.9999,False
14,900,0.6,-0.0166,0.0537,-0.1118,-0.0891,0.9999,-0.0157,False
14,1000,0.6,0.0003,-0.001,0.8468,0.0665,-0.0157,-0.9999,False
14,1100,0.6,-0.011,-0.064,-0.0199,-0.0864,-0.9999,0.0157,False
14,1200,0.6,-0.009,-0.0248,-0.5629,0.0422,0.0157,0.9999,False
14,1300,0.6,-0.0152,0.0601,-0.1085,-0.0985,0.9999,-0.0157,False
14,1400,0.6,-0.0006,0.0038,0.8331,0.074,-0.0157,-0.9999,False
14,1500,0.6,-0.012,-0.062,-0.0126,-0.0841,-0.9999,0.0157,False
14,1600,0.6,-0.0096,-0.0241,-0.5544,0.0457,0.0157,0.9999,False
14,1700,0.6,-0.0154,0.06,-0.1073,-0.0953,0.9999,-0.0157,False
14,1800,0.6,0.0012,0.0068,0.5257,0.2038,-0.0157,-0.9999,False
14,1900,0.6,0.0161,-0.0532,0.1192,-0.177,-0.9999,0.0157,False
14,2000,0.6,-0.0056,-0.0229,-0.5222,0.1081,0.0157,0.9999,False
14,2100,0.6,0.0056,0.0427,0.002,-0.104,0.9999,-0.0157,False
14,2200,0.6,0.0054,-0.0168,0.2346,-0.0345,-0.0157,-0.9999,False
14,2300,0.6,-0.047,-0.0502,-0.0238,-0.255,-0.9999,0.0157,False
14,2400,0.6,-0.0735,0.0857,-0.9137,0.5522,0.0157,0.9999,False
14,2500,0.6,-0.0568,0.0298,0.4757,0.1369,0.9999,-0.0157,False
14,2600,0.6,-0.0566,-0.0874,0.1806,-0.0934,-0.0157,-0.9999,False
14,2700,0.6,-0.0407,-0.0847,-0.2063,0.0846,-0.9999,0.0157,False
14,2800,0.6,-0.0449,0.0326,-0.168,0.0741,0.0157,0.9999,False
14,2900,0.6,-0.0418,0.0334,0.2246,0.0605,0.9999,-0.0157,False
14,3000,0.6,-0.0192,-0.0455,0.2879,0.0856,-0.0157,-0.9999,False
14,3100,0.6,-0.044,-0.0972,0.0924,-0.236,-0.9999,0.0157,False
14,3200,0.6,-0.0654,-0.0701,-0.4452,0.0029,0.0157,0.9999,False
14,3300,0.6,-0.0409,-0.0003,0.0211,-0.0044,0.9999,-0.0157,False
14,3400,0.6,-0.0492,-0.0798,0.1276,-0.0991,-0.0157,-0.9999,False
14,3500,0.6,-0.0661,-0.0681,-0.2396,-0.0891,-0.9999,0.0157,False
14,3600,0.6,-0.0748,0.0644,-0.12,0.2211,0.0157,0.9999,False
14,3700,0.6,-0.0572,0.0167,0.4177,0.1421,0.9999,-0.0157,False
14,3800,0.6,-0.0515,-0.1044,0.1989,-0.0452,-0.0157,-0.9999,False
14,3900,0.6,-0.0531,-0.0928,-0.1729,-0.0464,-0.9999,0.0157,False
14,4000,0.6,-0.0603,-0.0199,-0.6647,-0.0522,0.0157,0.9999,False
14,4100,0.6,-0.0427,0.0091,0.1852,0.038,0.9999,-0.0157,False
14,4200,0.6,-0.0413,-0.0852,0.2729,-0.1399,-0.0157,-0.9999,False
14,4300,0.6,-0.0701,-0.0954,-0.1186,-0.1604,-0.9999,0.0157,False
14,4400,0.6,-0.0845,-0.0012,-1.4171,0.1711,0.0157,0.9999,False
14,4500,0.6,-0.0562,-0.0053,0.4442,0.13,0.9999,-0.0157,False
14,4600,0.6,-0.0538,-0.1086,-0.0306,0.0596,-0.0157,-0.9999,False
14,4700,0.6,-0.047,-0.0656,-0.2479,-0.0402,-0.9999,0.0157,False
14,4800,0.6,-0.0593,0.0106,-0.7158,0.0362,0.0157,0.9999,False
14,4900,0.6,-0.0401,0.0202,0.215,0.0632,0.9999,-0.0157,False
14,4999,0.6,-0.0365,-0.0828,0.3718,-0.1883,0.0,-1.0,False
15,0,0.8,0.0004,-0.0,0.0,0.2184,0.0157,0.9999,False
15,100,0.8,-0.0011,0.0491,-0.007,-0.0402,0.9999,-0.0157,False
15,200,0.8,0.0026,0.0075,0.5198,-0.0288,-0.0157,-0.9999,False
15,300,0.8,-0.0184,-0.0657,0.078,-0.0882,-0.9999,0.0157,False
15,400,0.8,-0.0228,-0.0328,-0.8172,-0.0461,0.0157,0.9999,False
15,500,0.8,-0.0314,0.0796,-0.1576,-0.1418,0.9999,-0.0157,False
15,600,0.8,-0.0215,0.0316,0.7553,0.1754,-0.0157,-0.9999,False
15,700,0.8,-0.0275,-0.0504,0.0147,-0.0798,-0.9999,0.0157,False
15,800,0.8,-0.0233,-0.0233,-0.5404,0.0363,0.0157,0.9999,False
15,900,0.8,-0.0309,0.0688,-0.1151,-0.1214,0.9999,-0.0157,False
15,1000,0.8,-0.0172,0.0125,0.8829,0.1293,-0.0157,-0.9999,False
15,1100,0.8,-0.0255,-0.0615,-0.0211,-0.0769,-0.9999,0.0157,False
15,1200,0.8,-0.0211,-0.0204,-0.7052,0.0037,0.0157,0.9999,False
15,1300,0.8,-0.0289,0.0768,-0.0932,-0.127,0.9999,-0.0157,False
15,1400,0.8,-0.016,0.0168,0.8775,0.1433,-0.0157,-0.9999,False
15,1500,0.8,0.0026,-0.052,0.1252,-0.145,-0.9999,0.0157,False
15,1600,0.8,-0.0154,-0.0127,-0.6223,0.2096,0.0157,0.9999,False
15,1700,0.8,0.0093,0.0433,0.1127,-0.1649,0.9999,-0.0157,False
15,1800,0.8,0.0173,0.0153,0.1861,0.1297,-0.0157,-0.9999,False
15,1900,0.8,-0.0075,-0.0371,0.0758,-0.4988,-0.9999,0.0157,False
15,2000,0.8,-0.0729,0.0215,-0.6752,0.0745,0.0157,0.9999,False
15,2100,0.8,-0.0746,0.0642,0.116,-0.0863,0.9999,-0.0157,False
15,2200,0.8,-0.0627,0.0013,0.4915,0.066,-0.0157,-0.9999,False
15,2300,0.8,-0.0622,-0.0556,0.2015,-0.0208,-0.9999,0.0157,False
15,2400,0.8,-0.0551,-0.0192,-0.8492,-0.0408,0.0157,0.9999,False
15,2500,0.8,-0.0372,0.0222,0.1762,0.0168,0.9999,-0.0157,False
15,2600,0.8,-0.0169,-0.0388,0.3948,-0.085,-0.0157,-0.9999,False
15,2700,0.8,-0.0574,-0.0856,0.0678,-0.259,-0.9999,0.0157,False
15,2800,0.8,-0.0681,-0.0509,-0.4539,0.0146,0.0157,0.9999,False
15,2900,0.8,-0.0418,0.0136,0.0243,-0.0222,0.9999,-0.0157,False
15,3000,0.8,-0.0327,-0.0346,0.1387,-0.0056,-0.0157,-0.9999,False
15,3100,0.8,-0.0657,-0.0658,0.0271,-0.1911,-0.9999,0.0157,False
15,3200,0.8,-0.084,0.0029,-1.1067,-0.0021,0.0157,0.9999,False
15,3300,0.8,-0.0538,0.0255,0.2196,0.0839,0.9999,-0.0157,False
15,3400,0.8,-0.0365,-0.0512,0.3229,-0.0575,-0.0157,-0.9999,False
15,3500,0.8,-0.0674,-0.0862,0.0348,-0.1924,-0.9999,0.0157,False
15,3600,0.8,-0.0774,-0.0455,-0.5788,-0.0177,0.0157,0.9999,False
15,3700,0.8,-0.0478,0.0082,0.0989,0.0284,0.9999,-0.0157,False
15,3800,0.8,-0.0405,-0.0583,0.2275,-0.0981,-0.0157,-0.9999,False
15,3900,0.8,-0.0714,-0.082,-0.0137,-0.1745,-0.9999,0.0157,False
15,4000,0.8,-0.0843,-0.0242,-0.8789,-0.0415,0.0157,0.9999,False
15,4100,0.8,-0.0519,0.0151,0.1993,0.0925,0.9999,-0.0157,False
15,4200,0.8,-0.042,-0.0694,0.3066,-0.1924,-0.0157,-0.9999,False
15,4300,0.8,-0.0739,-0.0893,-0.0363,-0.1673,-0.9999,0.0157,False
15,4400,0.8,-0.0821,-0.0421,-0.6633,-0.0257,0.0157,0.9999,False
15,4500,0.8,-0.0497,0.0024,0.1573,0.0742,0.9999,-0.0157,False
15,4600,0.8,-0.0477,-0.083,0.2089,-0.1885,-0.0157,-0.9999,False
15,4700,0.8,-0.0773,-0.0836,-0.1203,-0.1436,-0.9999,0.0157,False
15,4800,0.8,-0.0906,-0.0088,-0.9968,-0.0174,0.0157,0.9999,False
15,4900,0.8,-0.0532,0.0106,0.2776,0.1441,0.9999,-0.0157,False
15,4999,0.8,-0.051,-0.0948,0.221,-0.2002,0.0,-1.0,False
16,0,0.8,0.0004,-0.0,0.0,0.2184,0.0157,0.9999,False
16,100,0.8,-0.0038,0.049,0.0119,-0.0319,0.9999,-0.0157,False
16,200,0.8,-0.0018,0.0022,0.57,-0.0256,-0.0157,-0.9999,False
16,300,0.8,-0.0218,-0.07,0.0547,-0.1024,-0.9999,0.0157,False
16,400,0.8,-0.0264,-0.036,-0.7808,-0.0272,0.0157,0.9999,False
16,500,0.8,-0.0336,0.0764,-0.1605,-0.1346,0.9999,-0.0157,False
16,600,0.8,-0.0232,0.0292,0.7487,0.1815,-0.0157,-0.9999,False
16,700,0.8,-0.0291,-0.0521,0.0066,-0.0816,-0.9999,0.0157,False
16,800,0.8,-0.0249,-0.0247,-0.5317,0.0424,0.0157,0.9999,False
16,900,0.8,-0.0316,0.0672,-0.1179,-0.1189,0.9999,-0.0157,False
16,1000,0.8,-0.0174,0.011,0.8888,0.1267,-0.0157,-0.9999,False
16,1100,0.8,-0.0261,-0.0623,-0.0236,-0.0788,-0.9999,0.0157,False
16,1200,0.8,-0.0216,-0.0213,-0.6985,0.0069,0.0157,0.9999,False
16,1300,0.8,-0.0292,0.0762,-0.095,-0.1254,0.9999,-0.0157,False
16,1400,0.8,-0.0161,0.0161,0.9021,0.1273,-0.0157,-0.9999,False
16,1500,0.8,-0.0002,-0.0535,0.1169,-0.1324,-0.9999,0.0157,False
16,1600,0.8,-0.0166,-0.0174,-0.583,0.2199,0.0157,0.9999,False
16,1700,0.8,0.0115,0.0391,0.1089,-0.1631,0.9999,-0.0157,False
16,1800,0.8,0.0205,0.0084,0.1994,0.1674,-0.0157,-0.9999,False
16,1900,0.8,-0.0057,-0.0434,0.0586,-0.5036,-0.9999,0.0157,False
16,2000,0.8,-0.0698,0.016,-0.6684,0.0719,0.0157,0.9999,False
16,2100,0.8,-0.0742,0.062,0.1076,-0.0933,0.9999,-0.0157,False
16,2200,0.8,-0.0632,-0.0036,0.5345,0.0532,-0.0157,-0.9999,False
16,2300,0.8,-0.0617,-0.0575,0.1557,-0.0203,-0.9999,0.0157,False
16,2400,0.8,-0.0561,-0.0142,-0.9249,-0.0366,0.0157,0.9999,False
16,2500,0.8,-0.0387,0.0208,0.1829,0.0231,0.9999,-0.0157,False
16,2600,0.8,-0.0185,-0.0416,0.4026,-0.1,-0.0157,-0.9999,False
16,2700,0.8,-0.0583,-0.089,0.0693,-0.2588,-0.9999,0.0157,False
16,2800,0.8,-0.0682,-0.0549,-0.4476,0.023,0.0157,0.9999,False
16,2900,0.8,-0.0417,0.0109,0.0207,-0.0221,0.9999,-0.0157,False
16,3000,0.8,-0.033,-0.0381,0.1478,-0.0212,-0.0157,-0.9999,False
16,3100,0.8,-0.0666,-0.0675,0.0121,-0.1864,-0.9999,0.0157,False
16,3200,0.8,-0.0846,0.0019,-1.0987,-0.0057,0.0157,0.9999,False
16,3300,0.8,-0.0537,0.025,0.2131,0.0885,0.9999,-0.0157,False
16,3400,0.8,-0.0367,-0.0528,0.3364,-0.0754,-0.0157,-0.9999,False
16,3500,0.8,-0.069,-0.0872,0.0275,-0.1895,-0.9999,0.0157,False
16,3600,0.8,-0.0784,-0.0455,-0.6032,-0.0171,0.0157,0.9999,False
16,3700,0.8,-0.0478,0.0076,0.1053,0.038,0.9999,-0.0157,False
16,3800,0.8,-0.0411,-0.0623,0.2368,-0.1313,-0.0157,-0.9999,False
16,3900,0.8,-0.0728,-0.0827,-0.0309,-0.1717,-0.9999,0.0157,False
16,4000,0.8,-0.0857,-0.0218,-0.9121,-0.0361,0.0157,0.9999,False
16,4100,0.8,-0.0529,0.0138,0.218,0.1011,0.9999,-0.0157,False
16,4200,0.8,-0.0435,-0.0747,0.2965,-0.1935,-0.0157,-0.9999,False
16,4300,0.8,-0.0751,-0.0904,-0.0491,-0.1642,-0.9999,0.0157,False
16,4400,0.8,-0.0833,-0.0417,-0.693,-0.0231,0.0157,0.9999,False
16,4500,0.8,-0.0506,0.0003,0.1742,0.085,0.9999,-0.0157,False
16,4600,0.8,-0.0501,-0.0894,0.1768,-0.1806,-0.0157,-0.9999,False
16,4700,0.8,-0.0785,-0.0831,-0.1484,-0.1367,-0.9999,0.0157,False
16,4800,0.8,-0.0923,-0.0058,-0.97,-0.0166,0.0157,0.9999,False
16,4900,0.8,-0.0542,0.0106,0.2989,0.1523,0.9999,-0.0157,False
16,4999,0.8,-0.0546,-0.0989,0.1999,-0.1982,0.0,-1.0,False
17,0,0.8,0.0004,-0.0,0.0,0.2184,0.0157,0.9999,False
17,100,0.8,-0.0038,0.0501,0.019,-0.0364,0.9999,-0.0157,False
17,200,0.8,-0.0022,0.002,0.5821,-0.0255,-0.0157,-0.9999,False
17,300,0.8,-0.0214,-0.0708,0.0565,-0.0986,-0.9999,0.0157,False
17,400,0.8,-0.026,-0.035,-0.8155,-0.0339,0.0157,0.9999,False
17,500,0.8,-0.0337,0.0779,-0.1541,-0.1383,0.9999,-0.0157,False
17,600,0.8,-0.024,0.0303,0.7364,0.1883,-0.0157,-0.9999,False
17,700,0.8,-0.0284,-0.0513,0.0109,-0.0728,-0.9999,0.0157,False
17,800,0.8,-0.0238,-0.0244,-0.5314,0.0383,0.0157,0.9999,False
17,900,0.8,-0.0313,0.0672,-0.1165,-0.1207,0.9999,-0.0157,False
17,1000,0.8,-0.0173,0.0107,0.8907,0.1256,-0.0157,-0.9999,False
17,1100,0.8,-0.0262,-0.0624,-0.0239,-0.0795,-0.9999,0.0157,False
17,1200,0.8,-0.0216,-0.0214,-0.697,0.0073,0.0157,0.9999,False
17,1300,0.8,-0.0292,0.0761,-0.0951,-0.1252,0.9999,-0.0157,False
17,1400,0.8,-0.0161,0.016,0.903,0.1268,-0.0157,-0.9999,False
17,1500,0.8,0.0,-0.0536,0.1184,-0.1333,-0.9999,0.0157,False
17,1600,0.8,-0.0167,-0.0176,-0.5825,0.2164,0.0157,0.9999,False
17,1700,0.8,0.0111,0.0393,0.1123,-0.1603,0.9999,-0.0157,False
17,1800,0.8,0.0199,0.008,0.2015,0.1625,-0.0157,-0.9999,False
17,1900,0.8,-0.0063,-0.0436,0.0595,-0.5021,-0.9999,0.0157,False
17,2000,0.8,-0.0703,0.0148,-0.651,0.0697,0.0157,0.9999,False
17,2100,0.8,-0.0743,0.0609,0.1077,-0.0923,0.9999,-0.0157,False
17,2200,0.8,-0.0634,-0.0047,0.5389,0.0496,-0.0157,-0.9999,False
17,2300,0.8,-0.0617,-0.0583,0.153,-0.0214,-0.9999,0.0157,False
17,2400,0.8,-0.0559,-0.0143,-0.9355,-0.0334,0.0157,0.9999,False
17,2500,0.8,-0.0388,0.0202,0.1866,0.0245,0.9999,-0.0157,False
17,2600,0.8,-0.0182,-0.0432,0.4109,-0.1046,-0.0157,-0.9999,False
17,2700,0.8,-0.0586,-0.0908,0.0682,-0.2602,-0.9999,0.0157,False
17,2800,0.8,-0.0681,-0.0574,-0.4297,0.0292,0.0157,0.9999,False
17,2900,0.8,-0.042,0.0095,0.0048,-0.0261,0.9999,-0.0157,False
17,3000,0.8,-0.0333,-0.0382,0.1399,-0.0166,-0.0157,-0.9999,False
17,3100,0.8,-0.0665,-0.0662,0.0089,-0.1871,-0.9999,0.0157,False
17,3200,0.8,-0.0851,0.0056,-1.1419,0.0076,0.0157,0.9999,False
17,3300,0.8,-0.0544,0.0269,0.23,0.0894,0.9999,-0.0157,False
17,3400,0.8,-0.0372,-0.0535,0.3405,-0.0721,-0.0157,-0.9999,False
17,3500,0.8,-0.0689,-0.088,0.0265,-0.1882,-0.9999,0.0157,False
17,3600,0.8,-0.0781,-0.047,-0.5763,-0.0143,0.0157,0.9999,False
17,3700,0.8,-0.0481,0.0061,0.1048,0.0333,0.9999,-0.0157,False
17,3800,0.8,-0.0418,-0.0631,0.2372,-0.1231,-0.0157,-0.9999,False
17,3900,0.8,-0.0723,-0.0835,-0.0267,-0.1726,-0.9999,0.0157,False
17,4000,0.8,-0.0849,-0.0233,-0.8926,-0.0378,0.0157,0.9999,False
17,4100,0.8,-0.0525,0.0134,0.2142,0.0977,0.9999,-0.0157,False
17,4200,0.8,-0.0433,-0.0744,0.295,-0.1933,-0.0157,-0.9999,False
17,4300,0.8,-0.075,-0.0904,-0.0475,-0.1653,-0.9999,0.0157,False
17,4400,0.8,-0.0834,-0.0418,-0.6938,-0.0232,0.0157,0.9999,False
17,4500,0.8,-0.0506,0.0004,0.1752,0.0854,0.9999,-0.0157,False
17,4600,0.8,-0.05,-0.0893,0.1772,-0.1807,-0.0157,-0.9999,False
17,4700,0.8,-0.0785,-0.0831,-0.1495,-0.1367,-0.9999,0.0157,False
17,4800,0.8,-0.0922,-0.006,-0.9683,-0.0172,0.0157,0.9999,False
17,4900,0.8,-0.0541,0.0106,0.2976,0.1518,0.9999,-0.0157,False
17,4999,0.8,-0.0544,-0.0987,0.2008,-0.1981,0.0,-1.0,False
18,0,0.8,0.0004,-0.0,0.0,0.2184,0.0157,0.9999,False
18,100,0.8,-0.0038,0.05,0.0188,-0.0361,0.9999,-0.0157,False
18,200,0.8,-0.0021,0.002,0.5815,-0.0255,-0.0157,-0.9999,False
18,300,0.8,-0.0214,-0.0708,0.0566,-0.0987,-0.9999,0.0157,False
18,400,0.8,-0.026,-0.035,-0.8156,-0.034,0.0157,0.9999,False
18,500,0.8,-0.0337,0.0779,-0.1541,-0.1383,0.9999,-0.0157,False
18,600,0.8,-0.024,0.0303,0.7362,0.1884,-0.0157,-0.9999,False
18,700,0.8,-0.0281,-0.0516,0.0111,-0.0693,-0.9999,0.0157,False
18,800,0.8,-0.0235,-0.0247,-0.5296,0.036,0.0157,0.9999,False
18,900,0.8,-0.0309,0.0671,-0.1221,-0.1195,0.9999,-0.0157,False
18,1000,0.8,-0.017,0.0112,0.889,0.1253,-0.0157,-0.9999,False
18,1100,0.8,-0.0261,-0.0619,-0.0246,-0.0803,-0.9999,0.0157,False
18,1200,0.8,-0.0217,-0.0209,-0.6974,0.0069,0.0157,0.9999,False
18,1300,0.8,-0.0292,0.0764,-0.094,-0.1252,0.9999,-0.0157,False
18,1400,0.8,-0.0161,0.0162,0.9025,0.1275,-0.0157,-0.9999,False
18,1500,0.8,-0.0001,-0.0536,0.1179,-0.1328,-0.9999,0.0157,False
18,1600,0.8,-0.0167,-0.0174,-0.584,0.2185,0.0157,0.9999,False
18,1700,0.8,0.0107,0.0395,0.1109,-0.1605,0.9999,-0.0157,False
18,1800,0.8,0.0197,0.0083,0.201,0.1624,-0.0157,-0.9999,False
18,1900,0.8,-0.0066,-0.0435,0.0597,-0.5024,-0.9999,0.0157,False
18,2000,0.8,-0.0705,0.0151,-0.6549,0.0713,0.0157,0.9999,False
18,2100,0.8,-0.0744,0.0611,0.1084,-0.0915,0.9999,-0.0157,False
18,2200,0.8,-0.0633,-0.0045,0.5371,0.0505,-0.0157,-0.9999,False
18,2300,0.8,-0.0617,-0.0582,0.1545,-0.0222,-0.9999,0.0157,False
18,2400,0.8,-0.056,-0.0147,-0.9276,-0.0345,0.0157,0.9999,False
18,2500,0.8,-0.0388,0.0203,0.185,0.024,0.9999,-0.0157,False
18,2600,0.8,-0.0183,-0.0427,0.4089,-0.1036,-0.0157,-0.9999,False
18,2700,0.8,-0.0586,-0.0903,0.0685,-0.2598,-0.9999,0.0157,False
18,2800,0.8,-0.0682,-0.0568,-0.4344,0.0274,0.0157,0.9999,False
18,2900,0.8,-0.0419,0.0096,0.0067,-0.0273,0.9999,-0.0157,False
18,3000,0.8,-0.0332,-0.0383,0.141,-0.0184,-0.0157,-0.9999,False
18,3100,0.8,-0.0667,-0.0666,0.0087,-0.1876,-0.9999,0.0157,False
18,3200,0.8,-0.0853,0.0053,-1.1466,0.0088,0.0157,0.9999,False
18,3300,0.8,-0.0543,0.0261,0.2226,0.0922,0.9999,-0.0157,False
18,3400,0.8,-0.0371,-0.054,0.3465,-0.0825,-0.0157,-0.9999,False
18,3500,0.8,-0.0691,-0.088,0.0234,-0.189,-0.9999,0.0157,False
18,3600,0.8,-0.0784,-0.0467,-0.5758,-0.0142,0.0157,0.9999,False
18,3700,0.8,-0.0479,0.007,0.1011,0.0344,0.9999,-0.0157,False
18,3800,0.8,-0.0418,-0.0625,0.2333,-0.1266,-0.0157,-0.9999,False
18,3900,0.8,-0.0728,-0.0824,-0.0315,-0.1707,-0.9999,0.0157,False
18,4000,0.8,-0.0859,-0.0207,-0.9265,-0.0347,0.0157,0.9999,False
18,4100,0.8,-0.0533,0.0132,0.2184,0.1039,0.9999,-0.0157,False
18,4200,0.8,-0.0436,-0.0753,0.3004,-0.197,-0.0157,-0.9999,False
18,4300,0.8,-0.0756,-0.0913,-0.0499,-0.1639,-0.9999,0.0157,False
18,4400,0.8,-0.0836,-0.0423,-0.6982,-0.0221,0.0157,0.9999,False
18,4500,0.8,-0.0506,-0.0003,0.1797,0.0867,0.9999,-0.0157,False
18,4600,0.8,-0.0505,-0.0905,0.1693,-0.1759,-0.0157,-0.9999,False
18,4700,0.8,-0.0782,-0.0829,-0.1498,-0.1358,-0.9999,0.0157,False
18,4800,0.8,-0.0915,-0.0092,-0.9226,-0.0284,0.0157,0.9999,False
18,4900,0.8,-0.0535,0.0091,0.2833,0.1514,0.9999,-0.0157,False
18,4999,0.8,-0.054,-0.0988,0.1905,-0.195,0.0,-1.0,False
19,0,0.8,0.0004,-0.0,0.0,0.2184,0.0157,0.9999,False
19,100,0.8,-0.0036,0.0502,0.0191,-0.0363,0.9999,-0.0157,False
19,200,0.8,-0.002,0.0021,0.5826,-0.0257,-0.0157,-0.9999,False
19,300,0.8,-0.0213,-0.0709,0.057,-0.0988,-0.9999,0.0157,False
19,400,0.8,-0.0259,-0.0351,-0.8165,-0.0342,0.0157,0.9999,False
19,500,0.8,-0.0336,0.0779,-0.1543,-0.1385,0.9999,-0.0157,False
19,600,0.8,-0.0239,0.0303,0.737,0.188,-0.0157,-0.9999,False
19,700,0.8,-0.0284,-0.0513,0.0109,-0.0729,-0.9999,0.0157,False
19,800,0.8,-0.0238,-0.0244,-0.5314,0.0382,0.0157,0.9999,False
19,900,0.8,-0.0313,0.0672,-0.1164,-0.1207,0.9999,-0.0157,False
19,1000,0.8,-0.0173,0.0107,0.8907,0.1256,-0.0157,-0.9999,False
19,1100,0.8,-0.0262,-0.0624,-0.0239,-0.0794,-0.9999,0.0157,False
19,1200,0.8,-0.0216,-0.0214,-0.697,0.0073,0.0157,0.9999,False
19,1300,0.8,-0.0292,0.0761,-0.0951,-0.1252,0.9999,-0.0157,False
19,1400,0.8,-0.0161,0.016,0.903,0.1267,-0.0157,-0.9999,False
19,1500,0.8,0.0001,-0.0536,0.1189,-0.1337,-0.9999,0.0157,False
19,1600,0.8,-0.0168,-0.0176,-0.5834,0.2154,0.0157,0.9999,False
19,1700,0.8,0.0111,0.0393,0.1128,-0.1601,0.9999,-0.0157,False
19,1800,0.8,0.0197,0.0081,0.2015,0.1602,-0.0157,-0.9999,False
19,1900,0.8,-0.0063,-0.0433,0.0605,-0.5013,-0.9999,0.0157,False
19,2000,0.8,-0.0705,0.0149,-0.6475,0.0685,0.0157,0.9999,False
19,2100,0.8,-0.0743,0.061,0.1073,-0.0924,0.9999,-0.0157,False
19,2200,0.8,-0.0635,-0.0045,0.5374,0.0492,-0.0157,-0.9999,False
19,2300,0.8,-0.0616,-0.0584,0.1539,-0.0191,-0.9999,0.0157,False
19,2400,0.8,-0.0556,-0.0147,-0.9287,-0.0343,0.0157,0.9999,False
19,2500,0.8,-0.0385,0.0203,0.1848,0.0234,0.9999,-0.0157,False
19,2600,0.8,-0.0181,-0.0428,0.41,-0.1044,-0.0157,-0.9999,False
19,2700,0.8,-0.0585,-0.0906,0.0689,-0.2607,-0.9999,0.0157,False
19,2800,0.8,-0.068,-0.0571,-0.4324,0.0282,0.0157,0.9999,False
19,2900,0.8,-0.0419,0.0096,0.0072,-0.0262,0.9999,-0.0157,False
19,3000,0.8,-0.0332,-0.0384,0.1399,-0.0179,-0.0157,-0.9999,False
19,3100,0.8,-0.0666,-0.0664,0.0086,-0.1875,-0.9999,0.0157,False
19,3200,0.8,-0.0852,0.0057,-1.143,0.0076,0.0157,0.9999,False
19,3300,0.8,-0.0543,0.027,0.2302,0.0897,0.9999,-0.0157,False
19,3400,0.8,-0.0371,-0.0532,0.3413,-0.0767,-0.0157,-0.9999,False
19,3500,0.8,-0.0689,-0.0876,0.0262,-0.1898,-0.9999,0.0157,False
19,3600,0.8,-0.0784,-0.0465,-0.5803,-0.0158,0.0157,0.9999,False
19,3700,0.8,-0.048,0.0062,0.1067,0.0354,0.9999,-0.0157,False
19,3800,0.8,-0.0421,-0.064,0.23,-0.1276,-0.0157,-0.9999,False
19,3900,0.8,-0.073,-0.0831,-0.034,-0.1702,-0.9999,0.0157,False
19,4000,0.8,-0.0858,-0.0218,-0.9097,-0.0351,0.0157,0.9999,False
19,4100,0.8,-0.053,0.0135,0.2182,0.1029,0.9999,-0.0157,False
19,4200,0.8,-0.0433,-0.0749,0.2976,-0.1926,-0.0157,-0.9999,False
19,4300,0.8,-0.0748,-0.0903,-0.0506,-0.1648,-0.9999,0.0157,False
19,4400,0.8,-0.0831,-0.0415,-0.6917,-0.0237,0.0157,0.9999,False
19,4500,0.8,-0.0507,0.0003,0.1743,0.0851,0.9999,-0.0157,False
19,4600,0.8,-0.0501,-0.0895,0.1777,-0.1803,-0.0157,-0.9999,False
19,4700,0.8,-0.0785,-0.0832,-0.1494,-0.1364,-0.9999,0.0157,False
19,4800,0.8,-0.0922,-0.0062,-0.9648,-0.0176,0.0157,0.9999,False
19,4900,0.8,-0.0541,0.0106,0.2985,0.1522,0.9999,-0.0157,False
19,4999,0.8,-0.0546,-0.0991,0.1938,-0.1959,0.0,-1.0,False
20,0,1.0,0.0004,-0.0,0.0,0.2184,0.0157,0.9999,False
20,100,1.0,-0.006,0.0576,0.0272,-0.0855,0.9999,-0.0157,False
20,200,1.0,-0.0095,0.0103,0.5418,-0.0466,-0.0157,-0.9999,False
20,300,1.0,-0.0315,-0.071,0.0802,-0.0919,-0.9999,0.0157,False
20,400,1.0,-0.0391,-0.03,-1.0293,-0.1085,0.0157,0.9999,False
20,500,1.0,-0.0481,0.0881,-0.1567,-0.1379,0.9999,-0.0157,False
20,600,1.0,-0.0395,0.0415,0.765,0.228,-0.0157,-0.9999,False
20,700,1.0,-0.0399,-0.0457,0.0145,-0.0753,-0.9999,0.0157,False
20,800,1.0,-0.0361,-0.0168,-0.6874,-0.0234,0.0157,0.9999,False
20,900,1.0,-0.0447,0.0844,-0.1065,-0.1177,0.9999,-0.0157,False
